gene_ID,ntf
AT1G68640,PAN
AT5G61070,HDA18
AT5G51480,SKS2
AT5G01370,ACI1
AT1G62360,STM
AT5G09220,AAP2
AT3G58990,IPMI1
AT2G22330,CYP79B3
AT4G36280,CRH1
AT2G17640,ATSERAT3;1
AT3G53450,LOG4
AT2G46650,CB5-C
AT5G17800,MYB56
AT1G05470,CVP2
AT1G18590,SOT17
AT4G04040,MEE51
AT1G32060,PRK
AT5G06850,FTIP1
AT4G39950,CYP79B2
AT3G26120,TEL1
AT3G22760,SOL1
AT3G11260,WOX5
AT3G44290,NAC060
AT4G03960,PFA-DSP4
AT4G31370,FLA5
AT2G03830,RGF8
AT1G46264,HSFB4
AT1G08860,BON3
AT3G09650,HCF152
AT2G30860,GSTF9
AT5G56720,c-NAD-MDH3
AT5G16000,NIK1
AT4G39940,AKN2
AT4G01265,RS3
AT2G43100,IPMI2
AT4G33950,OST1
AT1G69440,AGO7
AT5G43810,AGO10
AT3G18610,NUC-L2
AT3G17690,CNGC19
AT3G02210,COBL1
AT5G02490,Hsp70-2
AT5G17430,BBM
AT4G11130,RDR2
AT3G30350,RGF4
AT2G15400,NRPE3B
AT1G55580,LAS
AT5G03780,TRFL10
AT5G44560,VPS2.2
AT5G16400,TRXF2
AT1G30530,UGT78D1
AT1G01060,LHY
AT2G28900,OEP16-1
AT4G15248,BBX30
AT1G71692,AGL12
AT4G20060,EMB1895
AT4G11140,CRF1
AT1G35910,TPPD
AT2G28950,EXPA6
AT1G68825,RTFL15
AT4G31500,CYP83B1
AT5G16970,AER
AT1G11180,SCAMP2
AT5G28640,AN3
AT5G51850,TRM24
AT4G22890,PGR5-LIKE A
AT3G09600,RVE8
AT4G03210,XTH9
AT2G45740,PEX11D
AT3G23730,XTH16
AT1G74090,SOT18
AT5G28650,WRKY74
AT2G47220,DUF5
AT4G16620,UMAMIT8
AT4G35900,FD
AT2G26910,ABCG32
AT3G04520,THA2
AT1G06490,CalS7
AT3G17320,FOA1
AT5G13290,CRN
AT1G12860,SCRM2
AT1G51220,WIP5
AT3G50870,MNP
AT2G29890,VLN1
AT2G26180,IQD6
AT5G13580,ABCG6
AT4G02280,SUS3
AT2G46830,CCA1
AT2G32010,CVL1
AT5G22290,NAC089
AT5G43990,SUVR2
AT5G05860,UGT76C2
AT3G05330,ATN
AT5G48950,DHNAT2
AT5G60890,MYB34
AT1G18140,LAC1
AT5G62165,AGL42
AT3G27730,RCK
AT5G59090,SBT4.12
AT4G31840,ENODL15
AT1G19850,MP
AT4G30520,SARK
AT1G29860,WRKY71
AT5G10380,RING1
AT3G05480,RAD9
AT3G03660,WOX11
AT1G16380,ATCHX1
AT4G28950,ROP9
AT3G57670,NTT
AT1G04310,ERS2
AT4G00850,GIF3
AT5G20240,PI
AT4G35020,RAC3
AT1G20080,SYTB
AT3G17630,CHX19
AT5G24280,GMI1
AT2G39220,PLP6
AT2G03840,TET13
AT4G04620,ATG8B
AT3G60840,MAP65-4
AT4G15236,ABCG43
AT2G35950,EDA12
AT3G20880,WIP4
AT1G20610,CYCB2;3
AT3G15390,SDE5
AT5G21482,CKX7
AT5G23120,HCF136
AT3G51740,IMK2
AT2G18230,PPa2
AT1G73590,PIN1
AT5G51550,EXL3
AT2G45830,DTA2
AT3G22840,ELIP1
AT2G38860,YLS5
AT3G19050,POK2
AT5G39710,EMB2745
AT4G32880,HB-8
AT3G49360,PGL2
AT5G46370,KCO2
AT4G34990,MYB32
AT3G01840,LYK2
AT2G33230,YUC7
AT5G58580,ATL63
AT1G47270,TLP6
AT4G14770,TCX2
AT4G20130,PTAC14
AT1G21410,SKP2A
AT5G66320,GATA5
AT1G69490,NAP
AT1G46768,RAP2.1
AT5G37660,PDLP7
AT4G16370,OPT3
AT5G57220,CYP81F2
AT4G37650,SHR
AT5G03650,SBE2.2
AT2G42600,PPC2
AT4G21320,HSA32
AT1G51190,PLT2
AT2G35340,MEE29
AT3G48670,IDN2
AT1G67810,SUFE2
AT2G31840,MRL7-L
AT1G68020,ATTPS6
AT4G36240,GATA7
AT2G23050,NPY4
AT3G05140,RBK2
AT2G40030,NRPD1B
AT5G56600,PRF3
AT1G50420,SCL3
AT3G21720,ICL
AT3G20840,PLT1
AT2G46990,IAA20
AT4G27520,ENODL2
AT2G34710,PHB
AT5G48670,AGL80
AT2G22240,MIPS2
AT2G47230,DUF6
AT1G15720,TRFL5
AT1G09450,Haspin
AT1G63020,NRPD1A
AT4G36930,SPT
AT1G76730,COG0212
AT4G32830,AUR1
AT1G14720,XTH28
AT1G63260,TET10
AT5G54600,RPL24
AT4G23570,SGT1A
AT1G44110,CYCA1;1
AT2G41460,ARP
AT1G18250,ATLP-1
AT2G39700,EXPA4
AT1G10520,Pol{lambda}
AT4G30720,PDE327
AT3G60640,ATG8G
AT1G32900,GBSS1
AT3G20140,CYP705A23
AT2G03090,EXPA15
AT1G73190,TIP3;1
AT1G35230,AGP5
AT3G47450,NOA1
AT1G72040,dNK
AT1G11720,SS3
AT5G40240,UMAMIT40
AT2G06010,ORG4
AT1G62670,RPF2
AT3G60190,DL1E
AT1G21880,LYM1
AT1G11420,DUF2
AT1G32870,NAC13
AT1G55610,BRL1
AT2G39681,TAS2
AT3G21270,DOF2
AT3G60900,FLA10
AT1G56170,NF-YC2
AT3G27925,DEG1
AT1G18650,PDCB3
AT3G13080,ABCC3
AT1G33060,NAC014
AT5G43750,PnsB5
AT4G28590,MRL7
AT5G25090,ENODL13
AT3G01770,BET10
AT1G71720,PDE338
AT1G24450,NFD2
AT1G10760,SEX1
AT5G66750,CHR1
AT1G51950,IAA18
AT3G51080,GATA6
AT5G43170,ZF3
AT3G44990,XTH31
AT5G12080,MSL10
AT4G14130,XTH15
AT1G68830,STN7
AT5G10100,TPPI
AT1G79110,BRG2
AT4G23980,ARF9
AT3G10940,LSF2
AT5G56580,MKK6
AT2G26760,CYCB1;4
AT3G44730,KP1
AT4G09020,ISA3
AT5G25900,GA3
AT5G11100,SYTD
AT5G64080,XYP1
AT5G22510,INV-E
AT2G37080,RIP2
AT5G45610,SUV2
AT4G15950,NRPD4
AT1G17370,UBP1B
AT1G49880,Erv1
AT1G07180,NDA1
AT1G31010,OSB4
AT1G09960,SUT4
AT5G40160,EMB506
AT5G55540,TRN1
AT3G09900,RABE1e
AT5G04360,LDA
AT2G22140,EME1B
AT2G25140,CLPB4
AT3G12060,TBL1
AT4G21510,FBS2
AT5G24660,LSU2
AT4G32570,TIFY8
AT3G03900,APK3
AT5G63530,FP3
AT3G12580,HSP70
AT3G18090,NRPD2B
AT5G60810,RGF1
AT5G54470,BBX29
AT2G27040,AGO4
AT1G17480,IQD7
AT4G10640,IQD16
AT2G04025,RGF3
AT3G13620,PUT4
AT2G21800,EME1A
AT5G60210,RIP5
AT5G54390,HL
AT4G18480,CHLI1
AT2G34850,MEE25
AT5G11510,MYB3R-4
AT4G35390,AGF1
AT5G64860,DPE1
AT2G40550,ETG1
AT1G70940,PIN3
AT3G55660,ROPGEF6
AT5G37020,ARF8
AT1G31280,AGO2
AT1G14410,WHY1
AT1G04050,SUVR1
AT3G53540,TRM19
AT5G03940,CPSRP54
AT2G45760,BAP2
AT1G80710,DRS1
AT4G27990,YLMG1-2
AT2G47260,WRKY23
AT4G30340,DGK7
AT4G29730,NFC5
AT4G21270,ATK1
AT1G02280,TOC33
AT1G54350,ABCD2
AT3G50240,KICP-02
AT1G09810,ECT11
AT1G59990,EMB3108
AT4G37930,SHM1
AT1G11130,SUB
AT1G67080,ABA4
AT3G59100,GSL11
AT3G23670,KINESIN-12B
AT2G03050,EMB93
AT5G09690,MGT7
AT3G58650,TRM7
AT1G23860,RSZ21
AT2G21590,APL4
AT1G23380,KNAT6
AT5G67600,WIH1
AT5G19160,TBL11
AT2G47860,SETH6
AT3G26060,PRXQ
AT3G02515,SADHU6-1
AT2G39930,ISA1
AT3G22400,LOX5
AT4G39210,APL3
AT4G27260,WES1
AT5G10510,AIL6
AT2G39290,PGP1
AT1G06190,RHON1
AT2G26330,ER
AT5G27030,TPR3
AT1G73060,LPA3
AT1G59980,ARL2
AT5G17230,PSY
AT1G17380,JAZ5
AT1G77390,CYCA1;2
AT5G14640,SK13
AT1G10830,Z-ISO
AT3G23780,NRPD2A
AT1G34355,PS1
AT4G09960,STK
AT5G55760,SRT1
AT2G21050,LAX2
AT1G18370,HIK
AT1G58470,RBP1
AT2G38230,PDX1.1
AT3G42670,CHR38
AT3G55560,AGF2
AT5G45160,RL2
AT1G16780,VHP2;2
AT5G39820,NAC094
AT4G15110,CYP97B3
AT3G03950,ECT1
AT1G71750,HGPT
AT5G23780,DUF9
AT1G48350,EMB3105
AT1G67320,EMB2813
AT3G23890,TOPII
AT3G58780,SHP1
AT1G15910,FDM1
AT1G23400,CAF2
AT1G03160,FZL
AT4G05520,EHD2
AT1G31860,AT-IE
AT4G14690,ELIP2
AT4G39800,MIPS1
AT1G79880,La2
AT4G16700,PSD1
AT5G48300,ADG1
AT1G55970,HAC4
AT1G13270,MAP1C
AT3G55990,ESK1
AT4G36650,PBRP
AT1G72670,iqd8
AT5G27000,ATK4
AT4G22745,MBD1
AT2G20610,SUR1
AT1G53140,DRP5A
AT5G17810,WOX12
AT4G20940,GHR1
AT3G23580,RNR2A
AT4G02430,SR34b
AT4G15393,CYP702A5
AT5G44280,RING1A
AT4G15530,PPDK
AT2G37380,MAKR3
AT2G01430,HB17
AT1G16330,CYCB3;1
AT5G59800,MBD7
AT5G19620,OEP80
AT5G17990,TRP1
AT3G56170,CAN
AT5G26910,TRM8
AT3G14362,RTFL10
AT2G45660,AGL20
AT4G21430,B160
AT4G23920,UGE2
AT3G48690,CXE12
AT2G01420,PIN4
AT4G11080,3xHMG-box1
AT5G50210,QS
AT3G54220,SCR
AT4G12400,Hop3
AT2G24520,HA5
AT5G44635,MCM6
AT5G01510,RUS5
AT2G33500,BBX12
AT2G02740,WHY3
AT2G41700,ABCA1
AT1G78540,SHB
AT5G23050,AAE17
AT4G35620,CYCB2;2
AT1G67630,POLA2
AT5G41480,GLA1
AT5G67280,RLK
AT5G52440,HCF106
AT1G49630,PREP2
AT1G10970,ZIP4
AT1G13220,LINC2
AT4G33260,CDC20.2
AT2G41070,EEL
AT5G52230,MBD13
AT2G46310,CRF5
AT5G26570,PWD
AT3G42658,SADHU3-2
AT3G18524,MSH2
AT1G03780,TPX2
AT3G42640,HA8
AT2G01735,RIE1
AT5G43270,SPL2
AT1G08560,SYP111
AT2G19810,OZF1
AT2G36490,DML1
AT1G03840,MGP
AT5G43700,ATAUX2-11
AT5G44190,GLK2
AT1G15340,MBD10
AT3G10160,DFC
AT1G80110,PP2-B11
AT1G77690,LAX3
AT3G24890,VAMP728
AT2G26150,HSFA2
AT2G17270,PHT3;3
AT5G54260,MRE11
AT1G56260,MDO1
AT3G54350,emb1967
AT1G04610,YUC3
AT4G00930,CIP4.1
AT5G43650,BHLH92
AT4G25880,PUM6
AT5G13630,GUN5
AT5G03740,HD2C
AT5G67030,ABA1
AT5G59570,BOA
AT2G47620,SWI3A
AT4G35760,LTO1
AT3G15850,FAD5
AT4G26760,MAP65-2
AT5G02750,SGR9
AT1G72310,ATL3
AT4G09030,AGP10
AT1G80370,CYCA2;4
AT5G02380,MT2B
AT1G36180,ACC2
AT2G02500,ISPD
AT2G02130,LCR68
AT5G23570,SGS3
AT3G45890,RUS1
AT2G17900,SDG37
AT1G13690,ATE1
AT1G78510,SPS1
AT3G30180,BR6OX2
AT5G48600,SMC3
AT5G26980,SYP41
AT3G43210,TES
AT4G34020,DJ1C
AT4G16570,PRMT7
AT5G05970,NEDD1
AT4G36910,LEJ2
AT5G59580,UGT76E1
AT2G31200,ADF6
AT5G06150,CYC1BAT
AT2G41290,SSL2
AT4G29190,OZF2
AT4G09180,FBH2
AT5G57420,IAA33
AT3G63180,TKL
AT4G00490,BAM2
AT4G24900,TTL
AT3G23210,bHLH34
AT5G42600,MRN1
AT5G63950,CHR24
AT1G71880,SUC1
AT2G19590,ACO1
AT1G52690,LEA7
AT3G18270,CYP77A5P
AT1G59540,ZCF125
AT4G15780,VAMP724
AT5G54840,SGP1
AT3G16260,TRZ4
AT2G47590,PHR2
AT1G01580,FRO2
AT3G19570,SCO3
AT1G69295,PDCB4
AT4G24570,DIC2
AT1G73500,MKK9
AT5G15860,PCME
AT5G04200,MC9
AT5G40870,UK/UPRT1
AT3G24320,MSH1
AT2G28250,NCRK
AT5G15450,CLPB3
AT3G18910,ETP2
AT3G16150,ASPGB1
AT4G20740,EMB3131
AT1G47600,BGLU34
AT1G13620,RGF2
AT2G47940,DEG2
AT3G51780,BAG4
AT2G36250,FTSZ2-1
AT5G01500,TAAC
AT5G22330,RIN1
AT5G17520,RCP1
AT3G53030,SRPK4
AT5G51820,PGM
AT5G30510,RPS1
AT3G18030,HAL3A
AT5G20320,DCL4
AT2G18710,SCY1
AT1G18040,CDKD1;3
AT5G61130,PDCB1
AT3G07410,RABA5b
AT1G06130,GLX2-4
AT3G52180,SEX4
AT5G64960,CDKC2
AT1G28560,SRD2
AT2G29190,PUM2
AT2G17480,MLO8
AT2G20310,RIN13
AT1G26870,FEZ
AT1G64080,MAKR2
AT5G58690,PLC5
AT5G59220,HAI1
AT3G53720,CHX20
AT3G23410,FAO3
AT5G51350,MOL1
AT5G23310,FSD3
AT1G21690,EMB1968
AT5G16630,RAD4
AT5G02790,GSTL3
AT3G52890,KIPK
AT1G50240,FU
AT3G12200,Nek7
AT3G59420,CR4
AT1G74720,QKY
AT3G55980,SZF1
AT4G28720,YUC8
AT2G19490,RECA2
AT1G73990,SPPA
AT3G24590,PLSP1
AT2G26000,BRIZ2
AT4G38430,ROPGEF1
AT2G38810,HTA8
AT4G14680,APS3
AT1G16460,RDH2
AT2G36390,SBE2.1
AT3G22890,APS1
AT4G00340,RLK4
AT1G33280,NAC015
AT3G23400,FIB4
AT5G52640,HSP90.1
AT3G06110,MKP2
AT4G20360,RABE1b
AT3G09350,Fes1A
AT3G03450,RGL2
AT3G50670,U1-70K
AT4G14210,PDS3
AT4G36400,D2HGDH
AT5G63980,SAL1
AT1G04520,PDLP2
AT4G37770,ACS8
AT1G57820,VIM1
AT2G45470,FLA8
AT5G59430,TRP1
AT5G24960,CYP71A14
AT2G11520,CRCK3
AT1G23310,GGT1
AT3G57550,AGK2
AT1G54510,NEK1
AT3G20540,POLGAMMA1
AT1G79580,SMB
AT5G67100,ICU2
AT4G04020,FIB
AT5G27740,EMB2775
AT3G09910,RABC2b
AT1G78630,emb1473
AT2G05210,AtPOT1a
AT3G17590,BSH
AT3G14990,DJ1A
AT3G61460,BRH1
AT5G17790,VAR3
AT1G32200,ATS1
AT3G10490,NAC052
AT3G62100,IAA30
AT1G28110,SCPL45
AT1G31160,HINT 2
AT1G09570,PHYA
AT1G26260,CIB5
AT1G53700,WAG1
AT5G19200,TSC10B
AT4G31670,UBP18
AT5G40850,UPM1
AT2G39090,APC7
AT4G12910,scpl20
AT5G18440,NUFIP
AT5G15920,SMC5
AT5G67470,FH6
AT2G17520,IRE1A
AT1G33040,NACA5
AT4G39460,SAMC1
AT3G61590,HWS
AT1G20900,ESC
AT5G40440,MKK3
AT3G26640,LWD2
AT4G00400,GPAT8
AT3G08760,ATSIK
AT3G51240,F3H
AT4G33200,XI-I
AT1G48175,emb2191
AT3G18390,EMB1865
AT2G41680,NTRC
AT4G15910,DI21
AT1G67070,DIN9
AT1G10570,OTS2
AT3G12300,BUG22
AT3G19960,ATM1
AT5G48720,XRI1
AT3G46590,TRFL1
AT2G16780,MSI2
AT4G08770,Prx37
AT4G10350,NAC070
AT3G48000,ALDH2B4
AT3G10690,GYRA
AT4G34970,ADF9
AT3G50700,IDD2
AT1G30835,SADHU1-2
AT4G34980,SLP2
AT2G35770,scpl28
AT2G24070,QWRF4
AT4G38570,PIS2
AT4G25640,DTX35
AT1G02970,WEE1
AT4G32260,PDE334
AT5G04590,SIR
AT1G69830,AMY3
AT2G29550,TUB7
AT5G34940,GUS3
AT1G48380,RHL1
AT3G57660,NRPA1
AT5G28290,NEK3
AT1G08730,XIC
AT3G06850,BCE2
AT1G50300,TAF15
AT4G18890,BEH3
AT1G25580,SOG1
AT2G36740,SWC2
AT2G19520,FVE
AT5G64280,DiT2.2
AT5G14620,DRM2
AT1G24100,UGT74B1
AT1G80770,PDE318
AT3G10480,NAC050
AT1G03530,NAF1
AT1G28520,VOZ1
AT3G46970,PHS2
AT4G08980,FBW2
AT5G13570,DCP2
AT5G17890,DAR4
AT3G11670,DGD1
AT1G74310,HSP101
AT3G12380,ARP5
AT3G57300,INO80
AT2G47160,BOR1
AT3G50070,CYCD3;3
AT5G26880,AGL26
AT3G05290,PNC1
AT3G54826,ZR3
AT1G80300,NTT1
AT3G05030,NHX2
AT1G14690,MAP65-7
AT4G20020,MORF1
AT5G19520,MSL9
AT4G26320,AGP13
AT3G21110,PUR7
AT5G16505,MUG4
AT3G63430,TRM5
AT4G16780,HB-2
AT3G49250,DMS3
AT2G46080,BPS2
AT2G39350,ABCG1
AT1G26840,ORC6
AT1G05160,CYP88A3
AT2G16060,HB1
AT3G19720,ARC5
AT5G55280,FTSZ1-1
AT2G46240,BAG6
AT2G03820,NMD3
AT2G27810,NAT12
AT3G16810,PUM24
AT3G14180,ASIL2
AT2G23630,sks16
AT1G12410,CLP2
AT5G58590,RANBP1
AT2G16640,TOC132
AT3G26090,RGS1
AT4G02590,UNE12
AT5G04850,VPS60.2
AT1G55250,HUB2
AT4G22260,IM
AT1G69010,BIM2
AT4G08950,EXO
AT1G69700,HVA22C
AT5G14170,CHC1
AT3G60350,ARABIDILLO-2
AT5G13000,GSL12
AT1G08620,PKDM7D
AT5G65460,KAC2
AT2G46950,CYP709B2
AT4G17040,CLPR4
AT1G07910,RNL
AT5G25150,TAF5
AT1G11430,MORF9
AT3G14000,ATBRXL2
AT3G04670,WRKY39
AT4G34370,ARI1
AT4G15350,CYP705A2
AT5G41340,UBC4
AT5G16290,VAT1
AT1G17690,NOF1
AT1G71230,CSN5B
AT2G32400,GLR5
AT1G60860,AGD2
AT2G46400,WRKY46
AT1G60220,ULP1D
AT4G20400,JMJ14
AT3G01610,CDC48C
AT5G39040,ABCB27
AT2G44950,HUB1
AT5G05620,GCP2
AT2G31360,ADS2
AT3G03310,LCAT3
AT1G61820,BGLU46
AT5G66210,CPK28
AT2G32930,ZFN2
AT5G55120,VTC5
AT3G45010,scpl48
AT3G17310,DRM3
AT4G25240,SKS1
AT2G32620,CSLB02
AT3G55010,PUR5
AT2G22300,SR1
AT5G49880,MAD1
AT5G58130,ROS3
AT3G44480,RPP1
AT3G13490,OVA5
AT1G51470,BGLU35
AT1G11475,NRPB10
AT1G63900,DAL1
AT1G44900,MCM2
AT2G30040,MAPKKK14
AT3G60500,CER7
AT2G20190,CLASP
AT3G26744,ICE1
AT1G01020,ARV1
AT5G51940,NRPB6A
AT5G37630,EMB2656
AT5G56500,Cpn60beta3
AT1G08960,CAX11
AT1G08030,TPST
AT4G33030,SQD1
AT5G05730,ASA1
AT3G16440,MLP-300B
AT2G29480,GSTU2
AT1G70710,GH9B1
AT1G74560,NRP1
AT2G13540,ABH1
AT2G37620,ACT1
AT5G14250,COP13
AT1G56280,DI19
AT2G44180,MAP2A
AT3G19670,PRP40B
AT5G58220,TTL
AT3G57870,SCE1
AT2G44680,CKB4
AT1G29940,NRPA2
AT1G53280,DJ1B
AT2G47420,DIM1A
AT5G42920,THO5
AT2G39450,MTP11
AT2G23420,NAPRT2
AT3G53402,CPuORF46
AT4G37590,NPY5
AT1G74100,SOT16
AT5G40280,ERA1
AT5G40480,EMB3012
AT3G27580,ATPK7
AT1G70560,TAA1
AT1G05055,GTF2H2
AT2G03070,MED8
AT2G16370,THY-1
AT5G46280,MCM3
AT1G68790,LINC3
AT5G60600,HDS
AT5G21160,LARP1a
AT1G25220,ASB1
AT1G67490,GCS1
AT1G65590,HEXO3
AT2G45880,BAM7
AT1G06110,SKIP16
AT5G09440,EXL4
AT1G02690,IMPA-6
AT4G23060,IQD22
AT4G26840,SUMO1
AT5G20520,WAV2
AT1G65440,GTB1
AT1G80830,NRAMP1
AT3G14610,CYP72A7
AT1G24190,SNL3
AT1G08450,CRT3
AT4G37160,sks15
AT2G45000,EMB2766
AT2G43650,EMB2777
AT2G06050,OPR3
AT4G35920,MCA1
AT1G19800,ABCI14
AT3G56850,AREB3
AT1G22400,UGT85A1
AT1G26820,RNS3
AT4G00110,GAE3
AT5G01600,FER1
AT4G12570,UPL5
AT5G42100,BG_PPAP
AT2G24940,MAPR2
AT2G29490,GSTU1
AT1G72440,EDA25
AT1G05260,RCI3
AT5G66460,MAN7
AT1G05830,ATX2
AT3G54660,GR
AT3G24520,HSFC1
AT3G28860,ABCB19
AT2G18020,EMB2296
AT4G32890,GATA9
AT5G04990,SUN1
AT2G04350,LACS8
AT1G27510,EX2
AT1G01510,AN
AT5G56030,HSP81-2
AT1G27770,ACA1
AT4G00060,MEE44
AT3G19170,PREP1
AT4G32720,La1
AT3G59990,MAP2B
AT5G06160,ATO
AT1G08820,VAP27-2
AT1G28420,HB-1
AT4G34030,MCCB
AT3G53750,ACT3
AT3G24050,GATA1
AT2G14750,APK
AT1G27730,STZ
AT3G17840,RLK902
AT4G34350,HDR
AT4G24940,SAE1A
AT4G15900,PRL1
AT2G30950,VAR2
AT5G20230,BCB
AT5G51230,EMF2
AT2G43360,BIO2
AT3G02990,HSFA1E
AT1G20450,ERD10
AT1G19350,BES1
AT3G21750,UGT71B1
AT3G02260,BIG
AT1G04080,PRP39
AT2G47900,TLP3
AT1G72050,TFIIIA
AT2G23410,CPT
AT3G22170,FHY3
AT5G09330,NAC082
AT1G15500,ATNTT2
AT2G02760,UBC2
AT2G19600,KEA4
AT1G21700,SWI3C
AT3G12280,RBR1
AT1G02140,MAGO
AT5G10490,MSL2
AT1G22880,CEL5
AT5G08640,FLS1
AT2G25170,PKL
AT5G57800,CER3
AT2G40840,DPE2
AT3G11710,ATKRS-1
AT2G26900,BASS2
AT3G20290,EHD1
AT3G09560,PAH1
AT5G54810,TSB1
AT2G37570,SLT1
AT4G29040,RPT2a
AT5G66730,IDD1
AT1G70320,UPL2
AT1G12270,Hop1
AT5G41600,BTI3
AT1G50600,SCL5
AT1G13280,AOC4
AT3G47930,GLDH
AT5G58430,EXO70B1
AT3G56630,CYP94D2
AT1G48500,JAZ4
AT1G60880,AGL56
AT1G62940,ACOS5
AT1G70910,DEP
AT1G02440,ARFD1A
AT1G18835,MIF3
AT1G64480,CBL8
AT1G65330,PHE1
AT1G75250,RL6
AT1G79250,AGC1.7
AT2G23180,CYP96A1
AT2G29950,ELF4-L1
AT2G40790,CXXS2
AT2G46480,GAUT2
AT3G04420,NAC048
AT3G09922,IPS1
AT3G24540,PERK3
AT3G24630,TRM34
AT3G46900,COPT2
AT3G50890,HB28
AT3G56380,RR17
AT3G17760,GAD5
AT3G23230,TDR1
AT3G50310,MAPKKK20
AT3G50820,PSBO2
AT3G51380,IQD20
AT3G56970,bHLH38
AT4G12440,APT4
AT4G14630,GLP9
AT4G14890,FdC1
AT4G15417,RTL1
AT4G26330,UNE17
AT4G27460,CBSX5
AT4G35770,SEN1
AT4G01470,TIP1;3
AT4G04710,CPK22
AT4G12432,CPuORF26
AT4G18020,APRR2
AT4G22600,INP1
AT4G33020,ZIP9
AT4G37320,CYP81D5
AT5G27130,AGL39
AT5G52260,MYB19
AT5G59320,LTP3
AT5G27927,SADHU5-2
AT5G46360,KCO3
AT5G19560,ROPGEF10
AT3G60330,HA7
AT4G22070,WRKY31
AT1G79860,ROPGEF12
AT4G38390,RHS17
AT1G21360,GLTP2
AT4G28850,XTH26
AT4G22080,RHS14
AT2G22290,RABH1d
AT4G01830,ABCB5
AT3G60280,UCC3
AT4G19680,IRT2
AT1G23540,PERK12
AT1G34540,CYP94D1
AT5G21120,EIL2
AT2G26290,ARSK1
AT4G33790,CER4
AT5G06640,EXT10
AT3G47740,ABCA3
AT2G38170,CAX1
AT1G58360,AAP1
AT1G54970,PRP1
AT1G29230,CIPK18
AT1G30850,RSH4
AT4G08620,SULTR1;1
AT4G25190,QWRF7
AT3G06370,NHX4
AT3G10710,RHS12
AT4G34580,COW1
AT5G47450,TIP2;3
AT1G26360,MES13
AT3G13782,NAP1;4
AT1G16440,RSH3
AT4G23700,CHX17
AT5G57540,XTH13
AT3G28910,MYB30
AT3G25770,AOC2
AT1G12950,RSH2
AT5G49080,EXT11
AT5G10930,CIPK5
AT2G20880,ERF53
AT4G12330,CYP706A7
AT4G18430,RABA1e
AT5G26340,MSS1
AT1G12040,LRX1
AT5G25810,tny
AT4G36880,CP1
AT5G55090,MAPKKK15
AT4G19230,CYP707A1
AT2G24980,EXT6
AT1G70460,PERK13
AT3G28345,ABCB15
AT1G48930,GH9C1
AT4G02270,RHS13
AT2G40080,ELF4
AT1G13110,CYP71B7
AT5G67400,RHS19
AT1G64110,DAA1
AT2G23340,DEAR3
AT2G30395,OFP17
AT4G33880,RSL2
AT4G35060,HIPP25
AT5G24030,SLAH3
AT4G40090,AGP3
AT1G23020,FRO3
AT2G34500,CYP710A1
AT2G30250,WRKY25
AT4G40060,HB16
AT2G39010,PIP2E
AT1G69240,MES15
AT4G25110,MC2
AT4G37010,CEN2
AT5G49448,CPuORF4
AT2G25240,CCP3
AT1G12090,ELP
AT5G24140,SQP2
AT1G62440,LRX2
AT1G20190,EXPA11
AT5G61440,ACHT5
AT4G29800,PLP8
AT2G28160,FRU
AT3G12240,SCPL15
AT3G54870,MRH2
AT1G64930,CYP89A7
AT1G63930,ROH1
AT4G36900,RAP2.10
AT4G00680,ADF8
AT3G24300,AMT1;3
AT3G16390,NSP3
AT4G21840,MSRB8
AT1G37130,NIA2
AT5G63160,BT1
AT1G79270,ECT8
AT3G49780,PSK4
AT1G19940,GH9B5
AT3G29035,NAC3
AT1G51800,IOS1
AT4G25820,XTH14
AT5G44480,DUR
AT5G24105,AGP41
AT2G21880,RAB7A
AT3G21180,ACA9
AT1G03870,FLA9
AT4G29180,RHS16
AT5G57530,XTH12
AT5G65390,AGP7
AT5G26660,MYB86
AT1G32170,XTH30
AT5G61650,CYCP4;2
AT2G32270,ZIP3
AT2G03720,MRH6
AT4G05120,FUR1
AT5G35190,EXT13
AT3G01290,HIR2
AT4G01630,EXPA17
AT4G18640,MRH1
AT1G22740,RABG3B
AT1G44100,AAP5
AT2G01670,NUDT17
AT2G29440,GSTU6
AT3G05490,RALFL22
AT1G43160,RAP2.6
AT1G14870,PCR2
AT1G21310,EXT3
AT1G27740,RSL4
AT4G07960,CSLC12
AT4G39890,RABH1c
AT2G28550,RAP2.7
AT5G52060,BAG1
AT5G40210,UMAMIT42
AT4G13510,AMT1;1
AT5G24530,DMR6
AT2G41660,MIZ1
AT1G26700,MLO14
AT3G05800,AIF1
AT5G67480,BT4
AT4G15290,ATCSLB05
AT4G12550,AIR1
AT3G26520,TIP2
AT1G69600,ZFHD1
AT5G07450,CYCP4;3
AT1G22530,PATL2
AT5G59510,RTFL5
AT2G26420,PIP5K3
AT5G24090,CHIA
AT4G32040,KNAT5
AT1G23060,MDP40
AT1G79450,ALIS5
AT5G40730,AGP24
AT3G14850,TBL41
AT3G20410,CPK9
AT5G58010,LRL3
AT1G12550,HPR3
AT5G52250,RUP1
AT1G47128,RD21A
AT1G60960,IRT3
AT2G26570,WEB1
AT5G13150,EXO70C1
AT3G57520,SIP2
AT3G26500,PIRL2
AT2G38490,CIPK22
AT3G62680,PRP3
AT2G43820,UGT74F2
AT4G13390,EXT12
AT2G31570,GPX2
AT3G12700,NANA
AT1G19910,AVA-P2
AT2G22560,NET2D
AT2G19450,TAG1
AT5G48010,THAS1
AT5G65160,TPR14
AT1G64060,RBOH F
AT5G58940,CRCK1
AT3G11340,UGT76B1
AT5G60120,TOE2
AT1G05630,5PTASE13
AT1G17455,ELF4-L4
AT2G03730,ACR5
AT1G57560,MYB50
AT2G23770,LYK4
AT3G21700,SGP2
AT5G40330,MYB23
AT2G36830,GAMMA-TIP
AT5G24290,MEB2
AT3G55150,EXO70H1
AT4G16350,CBL6
AT2G31020,ORP1A
AT1G76990,ACR3
AT5G01830,SAUR21
AT2G38940,PHT1;4
AT4G17340,TIP2;2
AT1G12560,EXPA7
AT5G56550,OXS3
AT4G18160,KCO6
AT1G14860,NUDT18
AT1G65610,KOR2
AT5G04470,SIM
AT1G24150,FH4
AT4G30190,HA2
AT2G15970,COR413-PM1
AT3G08730,PK1
AT4G26690,SHV3
AT3G29350,AHP2
AT5G65800,ACS5
AT3G49940,LBD38
AT1G79410,41917
AT1G64090,RTNLB3
AT3G27960,KLCR2
AT4G23400,PIP1;5
AT5G01100,FRB1
AT4G11360,RHA1B
AT5G43760,KCS20
AT4G39660,AGT2
AT5G63450,CYP94B1
AT5G66920,sks17
AT1G52240,ROPGEF11
AT3G47820,PUB39
AT1G28330,DYL1
AT5G11440,CID5
AT2G46330,AGP16
AT4G09990,GXM2
AT2G20520,FLA6
AT5G43350,PHT1;1
AT5G65310,HB5
AT5G10430,AGP4
AT2G29750,UGT71C1
AT2G40970,MYBC1
AT5G13750,ZIFL1
AT2G46030,UBC6
AT5G39320,UDG4
AT5G27150,NHX1
AT1G53730,SRF6
AT5G44610,MAP18
AT1G09540,MYB61
AT1G64280,NPR1
AT1G01750,ADF11
AT2G44740,CYCP4;1
AT2G01190,PDE331
AT4G22010,sks4
AT4G30440,GAE1
AT4G39350,CESA2
AT5G13180,NAC083
AT3G17420,GPK1
AT1G65310,XTH17
AT5G06300,LOG7
AT1G76090,SMT3
AT3G59970,MTHFR1
AT3G53000,PP2-A15
AT5G44510,TAO1
AT2G42380,BZIP34
AT3G22200,POP2
AT4G37070,PLP1
AT5G51060,RHD2
AT5G67500,VDAC2
AT2G23620,MES1
AT3G16950,LPD1
AT5G15600,SP1L4
AT1G53680,GSTU28
AT1G76160,sks5
AT2G44450,BGLU15
AT5G07460,PMSR2
AT3G50970,LTI30
AT1G76690,OPR2
AT3G18710,PUB29
AT4G02075,PIT1
AT5G04820,OFP13
AT1G70290,TPS8
AT1G51070,bHLH115
AT3G09810,IDH-VI
AT3G57330,ACA11
AT5G45750,RABA1c
AT3G01470,HB-1
AT5G49360,BXL1
AT3G18830,PMT5
AT3G16240,DELTA-TIP
AT3G14440,NCED3
AT1G58520,RXW8
AT4G14750,IQD19
AT1G09940,HEMA2
AT3G52450,PUB22
AT1G20780,SAUL1
AT2G46860,PPa3
AT5G52830,WRKY27
AT2G46260,LRB1
AT4G36040,J11
AT5G01330,PDC3
AT3G04730,IAA16
AT5G62310,IRE
AT1G65840,PAO4
AT1G75780,TUB1
AT3G52290,IQD3
AT2G46370,JAR1
AT1G70410,BCA4
AT1G51420,SPP1
AT1G59590,ZCF37
AT5G23860,TUB8
AT5G25460,DGR2
AT2G17720,P4H5
AT5G49480,CP1
AT2G27010,CYP705A9
AT1G76180,ERD14
AT5G15650,RGP2
AT4G27860,MEB1
AT4G15233,ABCG42
AT5G54730,G18F
AT5G45010,DSS1(V)
AT3G57410,VLN3
AT3G56240,CCH
AT1G66400,CML23
AT4G26970,ACO2
AT4G15230,ABCG30
AT1G63450,RHS8
AT1G21980,PIP5K1
AT4G01480,PPa5
AT3G04090,SIP1A
AT2G39900,WLIM2a
AT4G38920,VHA-C3
AT4G35100,PIP3
AT1G04440,CKL13
AT5G18270,ANAC087
AT4G13020,MHK
AT5G11110,SPS2F
AT4G15760,MO1
AT3G11330,PIRL9
AT4G01250,WRKY22
AT2G22970,SCPL11
AT3G17440,NPSN13
AT5G01410,RSR4
AT3G24160,PMP
AT1G57680,Cand1
AT3G13520,AGP12
AT3G47340,ASN1
AT4G20260,PCAP1
AT1G70782,CPuORF28
AT5G56150,UBC30
AT1G19700,BEL10
AT3G59220,PRN
AT1G08500,ENODL18
AT1G05850,POM1
AT2G17370,HMG2
AT3G46640,PCL1
AT5G07110,PRA1.B6
AT4G17170,RABB1C
AT1G70330,ENT1
AT4G13660,PRR2
AT1G53580,GLY3
AT3G47960,GTR1
AT1G77450,NAC032
AT4G18760,RLP51
AT1G18620,TRM3
AT3G63010,GID1B
AT2G36100,CASP1
AT5G23220,NIC3
AT4G15500,UGT84A4
AT2G17450,RHA3A
AT4G14760,NET1B
AT4G22590,TPPG
AT2G14100,CYP705A13
AT1G20840,TMT1
AT5G42300,UBL5
AT2G35860,FLA16
AT3G48990,AAE3
AT4G00900,ECA2
AT3G21250,ABCC8
AT5G18520,Cand7
AT2G45070,SEC61 BETA
AT1G64200,VHA-E3
AT2G36380,ABCG34
AT2G41110,CAM2
AT5G60660,PIP2;4
AT4G10770,OPT7
AT2G31350,GLX2-5
AT3G02170,LNG2
AT5G41990,WNK8
AT1G34260,FAB1D
AT4G27410,RD26
AT5G20250,DIN10
AT2G25810,TIP4;1
AT1G13210,ACA.l
AT1G20010,TUB5
AT3G53110,LOS4
AT1G31812,ACBP6
AT1G70850,MLP34
AT3G61760,DL1B
AT1G31070,GlcNAc1pUT1
AT5G15150,HB-3
AT5G65690,PCK2
AT3G48360,BT2
AT1G75540,BBX21
AT4G12560,CPR1
AT1G33240,GTL1
AT3G23560,ALF5
AT2G41010,CAMBP25
AT1G78680,GGH2
AT5G06860,PGIP1
AT3G03600,RPS2
AT3G17810,PYD1
AT2G05710,ACO3
AT4G23270,CRK19
AT4G02290,GH9B13
AT5G59150,RABA2D
AT4G27320,PHOS34
AT2G45430,AHL22
AT2G44790,UCC2
AT4G12880,ENODL19
AT5G25890,IAA28
AT4G00860,ATOZI1
AT3G44860,FAMT
AT3G29200,CM1
AT1G80310,MOT2
AT5G58320,NET4A
AT3G01220,HB20
AT1G13950,ELF5A-1
AT5G40890,CLC-A
AT1G56550,RGXT3
AT1G17120,CAT8
AT1G49240,ACT8
AT1G51710,UBP6
AT4G34390,XLG2
AT5G53250,AGP22
AT1G62300,WRKY6
AT1G73250,GER1
AT2G34070,TBL37
AT5G58380,SIP1
AT1G53830,PME2
AT1G09970,LRR XI-23
AT1G07140,SIRANBP
AT1G55920,SERAT2;1
AT1G13590,PSK1
AT4G15093,LigB
AT5G66760,SDH1-1
AT1G05530,UGT75B2
AT5G64740,CESA6
AT5G63570,GSA1
AT4G11600,GPX6
AT1G79590,SYP52
AT4G02890,UBQ14
AT1G11310,MLO2
AT5G46860,VAM3
AT1G68000,PIS1
AT5G56540,AGP14
AT3G11900,ANT1
AT1G62980,EXPA18
AT2G42880,MPK20
AT5G24400,EMB2024
AT1G69780,ATHB13
AT5G45550,MOB1-like
AT1G25450,KCS5
AT1G47550,SEC3A
AT5G56170,LLG1
AT5G37600,GSR 1
AT1G07000,EXO70B2
AT3G60130,BGLU16
AT5G49720,GH9A1
AT2G39570,ACR9
AT5G20350,TIP1
AT3G13790,ATBFRUCT1
AT1G30360,ERD4
AT5G60920,COB
AT2G15620,NIR1
AT5G07370,IPK2a
AT2G14890,AGP9
AT3G51160,MUR1
AT1G05810,RABA5E
AT3G62660,GATL7
AT5G19550,ASP2
AT4G03390,SRF3
AT3G52200,LTA3
AT1G78300,GRF2
AT3G10985,SAG20
AT2G38360,PRA1.B4
AT2G39050,EULS3
AT5G47140,GATA27
AT2G01830,WOL
AT1G09850,XBCP3
AT2G44160,MTHFR2
AT2G20750,EXPB1
AT5G05500,MOP10
AT4G39730,PLAT1
AT3G54810,BME3
AT4G34720,AVA-P1
AT5G45130,RHA1
AT4G13350,NIG
AT5G07220,BAG3
AT3G04910,WNK1
AT2G24610,CNGC14
AT4G12730,FLA2
AT3G58120,BZIP61
AT2G43020,PAO2
AT1G33800,GXMT1
AT5G19980,GONST4
AT4G26080,ABI1
AT1G64142,CPuORF23
AT4G30160,VLN4
AT1G23490,ARF1
AT2G19950,GC1
AT2G22480,PFK5
AT4G14550,IAA14
AT3G51550,FER
AT1G25560,TEM1
AT3G22830,HSFA6B
AT4G23710,VAG2
AT3G06300,P4H2
AT5G20490,XIK
AT2G17550,TRM26
AT5G40780,LHT1
AT5G19820,emb2734
AT2G03680,SPR1
AT3G50500,SNRK2.2
AT2G44350,ATCS
AT1G23480,CSLA03
AT2G47800,ABCC4
AT2G17290,CPK6
AT2G22125,CSI1
AT3G14940,PPC3
AT5G65090,BST1
AT3G03860,APRL5
AT3G27300,G6PD5
AT1G22840,CYTC-1
AT5G40390,SIP1
AT5G03290,IDH-V
AT1G09780,iPGAM1
AT3G25900,HMT-1
AT3G50110,PEN3
AT5G34850,PAP26
AT1G78900,VHA-A
AT2G15390,FUT4
AT1G15210,ABCG35
AT5G52560,USP
AT1G24180,IAR4
AT3G02780,IPP2
AT2G45960,PIP1B
AT5G03240,UBQ3
AT1G48790,AMSH1
AT5G16760,ITPK1
AT1G66240,ATX1
AT4G24220,VEP1
AT1G17060,CYP72C1
AT4G00660,RH8
AT4G02390,PARP2
AT1G78000,SULTR1;2
AT3G05710,SYP43
AT1G27600,IRX9-L
AT2G47650,UXS4
AT3G60530,GATA4
AT1G77740,PIP5K2
AT5G42870,PAH2
AT5G27450,MK
AT5G54380,THE1
AT4G05020,NDB2
AT3G19980,FYPP3
AT2G22170,PLAT2
AT5G22030,UBP8
AT3G09300,ORP3B
AT1G29280,WRKY65
AT1G10200,WLIM1
AT5G07290,ML4
AT2G39770,CYT1
AT4G39080,VHA-A3
AT2G19760,PRF1
AT1G24170,LGT9
AT2G17980,ATSLY1
AT3G46290,HERK1
AT2G43070,SPPL3
AT5G54160,OMT1
AT4G24580,REN1
AT1G47420,SDH5
AT4G39260,CCR1
AT1G75220,ERDL6
AT5G12250,TUB6
AT3G02580,STE1
AT4G03560,TPC1
AT5G17330,GAD
AT1G20693,HMGB2
AT3G56950,SIP2;1
AT3G17390,MTO3
AT1G14320,SAC52
AT1G54710,ATG18H
AT3G55610,P5CS2
AT5G06320,NHL3
AT3G47833,SDH7
AT5G49810,MMT
AT3G04120,GAPC1
AT3G49870,ARLA1C
AT1G10170,NFXL1
AT5G02100,UNE18
AT2G46340,SPA1
AT4G35830,ACO1
AT4G38510,VAB2
AT4G24020,NLP7
AT3G10660,CPK2
AT5G57740,XBAT32
AT3G56000,CSLA14
AT2G45890,ROPGEF4
AT3G17860,JAZ3
AT3G58710,WRKY69
AT2G23310,ATRER1C1
AT5G21990,TPR7
AT1G19360,RRA3
AT1G69640,SBH1
AT3G07100,ERMO2
AT4G10040,CYTC-2
AT2G04780,FLA7
AT3G11700,FLA18
AT1G77130,PGSIP2
AT5G26667,PYR6
AT1G59870,PEN3
AT4G32150,VAMP711
AT5G03760,ATCSLA09
AT2G38700,MVD1
AT2G37170,PIP2B
AT1G70490,ARFA1D
AT5G52510,SCL8
AT5G65930,ZWI
AT5G39500,GNL1
AT2G04160,AIR3
AT1G76680,OPR1
AT1G10630,ARFA1F
AT5G03080,LPPgamma
AT4G11010,NDPK3
AT2G27000,CYP705A8
AT2G44620,MTACP-1
AT5G15090,VDAC3
AT4G26570,CBL3
AT2G25180,RR12
AT4G22930,PYR4
AT2G17130,IDH2
AT4G10840,KLCR1
AT3G56190,ALPHA-SNAP2
AT3G25860,LTA2
AT1G35670,CDPK2
AT5G18680,TLP11
AT2G37250,ADK
AT1G76490,HMG1
AT3G60600,VAP27-1
AT5G63800,MUM2
AT3G16460,JAL34
AT1G08930,ERD6
AT2G45160,HAM1
AT2G41220,GLU2
AT1G10030,ERG28
AT4G11150,TUF
AT1G10130,ECA3
AT1G53240,mMDH1
AT1G18150,ATMPK8
AT3G15020,mMDH2
AT1G56340,CRT1a
AT3G09940,MDHAR
AT3G62422,CPuORF3
AT4G02380,SAG21
AT1G20696,HMGB3
AT3G05890,RCI2B
AT1G20090,ROP2
AT5G04870,CPK1
AT2G01450,MPK17
AT1G72150,PATL1
AT5G60790,ABCF1
AT4G05320,UBQ10
AT4G31990,ASP5
AT3G61110,RS27A
AT1G69810,WRKY36
AT4G19490,VPS54
AT1G18080,ATARCA
AT3G59920,GDI2
AT5G05410,DREB2A
AT3G06060,TSC10A
AT3G17240,mtLPD2
AT2G01880,PAP7
AT1G28130,GH3.17
AT3G61430,PIP1A
AT3G08550,KOB1
AT2G44490,PEN2
AT5G04930,ALA1
