ID,Tendency,ATP
AT1G10060,1,1
AT1G31772,1,1
AT1G75720,1,1
AT2G01300,1,1
AT3G15800,1,1
AT3G17130,1,1
AT3G53250,1,1
AT1G24580,0,1
AT1G31820,0,1
AT1G62422,0,1
AT1G72510,0,1
AT2G15292,0,1
AT2G18735,0,1
AT2G20750,0,1
AT2G25490,0,1
AT2G33660,0,1
AT2G35658,0,1
AT3G01705,0,1
AT3G03852,0,1
AT3G09922,0,1
AT3G10040,0,1
AT3G14395,0,1
AT3G15210,0,1
AT3G21370,0,1
AT3G21680,0,1
AT3G63052,0,1
AT4G35430,0,1
AT4G37095,0,1
AT5G01370,0,1
AT5G10336,0,1
AT5G23280,0,1
AT5G41265,0,1
AT5G59220,0,1
AT5G63145,0,1
AT5G65480,0,1
AT1G17345,1,2
AT1G25560,1,2
AT1G68840,1,2
AT2G27690,1,2
AT2G39980,1,2
AT2G41230,1,2
AT2G43870,1,2
AT3G21720,1,2
AT3G48700,1,2
AT3G50310,1,2
AT3G50330,1,2
AT4G11040,1,2
AT4G37580,1,2
AT5G05440,1,2
AT5G13910,1,2
AT5G23370,1,2
AT5G35732,1,2
AT5G54490,1,2
AT5G64572,1,2
AT5G67080,1,2
AT1G01480,0,2
AT1G03820,0,2
AT1G08005,0,2
AT1G08390,0,2
AT1G08430,0,2
AT1G11120,0,2
AT1G11175,0,2
AT1G11800,0,2
AT1G11840,0,2
AT1G11960,0,2
AT1G13900,0,2
AT1G15100,0,2
AT1G17090,0,2
AT1G18470,0,2
AT1G18740,0,2
AT1G18870,0,2
AT1G22520,0,2
AT1G24170,0,2
AT1G29420,0,2
AT1G29490,0,2
AT1G31050,0,2
AT1G34040,0,2
AT1G35250,0,2
AT1G38065,0,2
AT1G38131,0,2
AT1G42990,0,2
AT1G45201,0,2
AT1G49960,0,2
AT1G53540,0,2
AT1G55152,0,2
AT1G61580,0,2
AT1G61667,0,2
AT1G67570,0,2
AT1G68440,0,2
AT1G68680,0,2
AT1G70260,0,2
AT1G75140,0,2
AT1G76878,0,2
AT1G77130,0,2
AT1G78230,0,2
AT1G79260,0,2
AT2G01890,0,2
AT2G03090,0,2
AT2G05320,0,2
AT2G05440,0,2
AT2G05518,0,2
AT2G05520,0,2
AT2G09970,0,2
AT2G13547,0,2
AT2G15790,0,2
AT2G16580,0,2
AT2G18010,0,2
AT2G18950,0,2
AT2G20480,0,2
AT2G21210,0,2
AT2G24230,0,2
AT2G24330,0,2
AT2G24762,0,2
AT2G24970,0,2
AT2G25052,0,2
AT2G25150,0,2
AT2G26730,0,2
AT2G28410,0,2
AT2G28550,0,2
AT2G28630,0,2
AT2G32510,0,2
AT2G36500,0,2
AT2G37360,0,2
AT2G39000,0,2
AT2G39435,0,2
AT2G39805,0,2
AT2G41180,0,2
AT2G41905,0,2
AT2G46970,0,2
AT2G47200,0,2
AT2G47760,0,2
AT3G02210,0,2
AT3G03850,0,2
AT3G05770,0,2
AT3G09260,0,2
AT3G09410,0,2
AT3G09710,0,2
AT3G13980,0,2
AT3G15534,0,2
AT3G16470,0,2
AT3G20600,0,2
AT3G22968,0,2
AT3G22970,0,2
AT3G26450,0,2
AT3G27220,0,2
AT3G28455,0,2
AT3G28899,0,2
AT3G29030,0,2
AT3G29095,0,2
AT3G44430,0,2
AT3G44940,0,2
AT3G47590,0,2
AT3G48180,0,2
AT3G48450,0,2
AT3G48940,0,2
AT3G50560,0,2
AT3G54020,0,2
AT3G55530,0,2
AT3G55840,0,2
AT3G56370,0,2
AT3G57785,0,2
AT3G58540,0,2
AT3G58810,0,2
AT3G59660,0,2
AT3G59680,0,2
AT3G60647,0,2
AT4G00110,0,2
AT4G02010,0,2
AT4G02630,0,2
AT4G12510,0,2
AT4G14380,0,2
AT4G15240,0,2
AT4G16240,0,2
AT4G16750,0,2
AT4G18230,0,2
AT4G19970,0,2
AT4G26200,0,2
AT4G27840,0,2
AT4G28440,0,2
AT4G31350,0,2
AT4G31600,0,2
AT4G34760,0,2
AT4G35690,0,2
AT4G38840,0,2
AT4G39320,0,2
AT4G39350,0,2
AT4G40065,0,2
AT5G02410,0,2
AT5G03230,0,2
AT5G03280,0,2
AT5G03740,0,2
AT5G06590,0,2
AT5G07220,0,2
AT5G10970,0,2
AT5G15360,0,2
AT5G16870,0,2
AT5G18020,0,2
AT5G18030,0,2
AT5G18060,0,2
AT5G20700,0,2
AT5G22070,0,2
AT5G22850,0,2
AT5G25040,0,2
AT5G25240,0,2
AT5G26270,0,2
AT5G27660,0,2
AT5G28830,0,2
AT5G37980,0,2
AT5G38550,0,2
AT5G40830,0,2
AT5G40945,0,2
AT5G40980,0,2
AT5G45630,0,2
AT5G49350,0,2
AT5G51450,0,2
AT5G57060,0,2
AT5G57785,0,2
AT5G59790,0,2
AT5G60850,0,2
AT5G63800,0,2
AT5G65970,0,2
AT5G66052,0,2
AT5G67230,0,2
AT5G67620,0,2
AT1G01270,1,3
AT1G01453,1,3
AT1G04180,1,3
AT1G04310,1,3
AT1G05010,1,3
AT1G06930,1,3
AT1G09240,1,3
AT1G11185,1,3
AT1G21130,1,3
AT1G21326,1,3
AT1G28370,1,3
AT1G32690,1,3
AT1G33260,1,3
AT1G36060,1,3
AT1G43160,1,3
AT1G49210,1,3
AT1G50110,1,3
AT1G52890,1,3
AT1G53340,1,3
AT1G53708,1,3
AT1G57560,1,3
AT1G59940,1,3
AT1G62190,1,3
AT1G63580,1,3
AT1G64460,1,3
AT1G65970,1,3
AT1G67100,1,3
AT1G71890,1,3
AT1G73000,1,3
AT1G73500,1,3
AT1G74055,1,3
AT1G75590,1,3
AT2G03790,1,3
AT2G07758,1,3
AT2G15830,1,3
AT2G16500,1,3
AT2G16660,1,3
AT2G17880,1,3
AT2G18690,1,3
AT2G19590,1,3
AT2G22880,1,3
AT2G28660,1,3
AT2G31730,1,3
AT2G32560,1,3
AT2G34080,1,3
AT2G34650,1,3
AT2G40330,1,3
AT2G41800,1,3
AT2G42850,1,3
AT2G44080,1,3
AT2G44570,1,3
AT2G45160,1,3
AT2G47270,1,3
AT2G47550,1,3
AT3G03660,1,3
AT3G11690,1,3
AT3G13435,1,3
AT3G14362,1,3
AT3G15370,1,3
AT3G15450,1,3
AT3G20380,1,3
AT3G20395,1,3
AT3G23170,1,3
AT3G23240,1,3
AT3G25730,1,3
AT3G30730,1,3
AT3G44260,1,3
AT3G45280,1,3
AT3G49970,1,3
AT3G51350,1,3
AT3G51400,1,3
AT3G52565,1,3
AT3G52765,1,3
AT3G59900,1,3
AT3G60290,1,3
AT3G60550,1,3
AT3G63088,1,3
AT4G01335,1,3
AT4G01870,1,3
AT4G02715,1,3
AT4G03140,1,3
AT4G08770,1,3
AT4G09260,1,3
AT4G11140,1,3
AT4G12410,1,3
AT4G16230,1,3
AT4G17500,1,3
AT4G18197,1,3
AT4G18205,1,3
AT4G19680,1,3
AT4G21870,1,3
AT4G22640,1,3
AT4G26080,1,3
AT4G27730,1,3
AT4G30420,1,3
AT5G01210,1,3
AT5G02180,1,3
AT5G02760,1,3
AT5G03310,1,3
AT5G03545,1,3
AT5G03700,1,3
AT5G03890,1,3
AT5G07010,1,3
AT5G07450,1,3
AT5G09970,1,3
AT5G10990,1,3
AT5G13830,1,3
AT5G14940,1,3
AT5G17780,1,3
AT5G18670,1,3
AT5G22460,1,3
AT5G26220,1,3
AT5G39610,1,3
AT5G40590,1,3
AT5G42830,1,3
AT5G43030,1,3
AT5G43170,1,3
AT5G43603,1,3
AT5G44260,1,3
AT5G44578,1,3
AT5G45730,1,3
AT5G47220,1,3
AT5G47230,1,3
AT5G48175,1,3
AT5G48430,1,3
AT5G49690,1,3
AT5G50290,1,3
AT5G53830,1,3
AT5G53980,1,3
AT5G57123,1,3
AT5G57760,1,3
AT5G59055,1,3
AT5G67020,1,3
AT5G67060,1,3
AT1G03130,0,3
AT1G04140,0,3
AT1G04360,0,3
AT1G06980,0,3
AT1G07128,0,3
AT1G07720,0,3
AT1G08115,0,3
AT1G09812,0,3
AT1G09950,0,3
AT1G11700,0,3
AT1G12330,0,3
AT1G12500,0,3
AT1G13710,0,3
AT1G20070,0,3
AT1G20823,0,3
AT1G26800,0,3
AT1G29440,0,3
AT1G29510,0,3
AT1G30380,0,3
AT1G32170,0,3
AT1G36940,0,3
AT1G43580,0,3
AT1G46554,0,3
AT1G48100,0,3
AT1G54500,0,3
AT1G61795,0,3
AT1G62520,0,3
AT1G63690,0,3
AT1G64380,0,3
AT1G64940,0,3
AT1G67360,0,3
AT1G67365,0,3
AT1G67920,0,3
AT1G70300,0,3
AT1G70370,0,3
AT1G72800,0,3
AT1G74420,0,3
AT1G74490,0,3
AT1G74730,0,3
AT1G74840,0,3
AT1G75500,0,3
AT1G75760,0,3
AT1G76090,0,3
AT1G76240,0,3
AT1G76490,0,3
AT1G76560,0,3
AT1G76892,0,3
AT1G78070,0,3
AT1G78990,0,3
AT2G01610,0,3
AT2G01770,0,3
AT2G02680,0,3
AT2G14115,0,3
AT2G19780,0,3
AT2G20835,0,3
AT2G21185,0,3
AT2G22330,0,3
AT2G22425,0,3
AT2G22930,0,3
AT2G23120,0,3
AT2G23340,0,3
AT2G25200,0,3
AT2G27080,0,3
AT2G28370,0,3
AT2G28420,0,3
AT2G32190,0,3
AT2G33380,0,3
AT2G38500,0,3
AT2G40900,0,3
AT2G42220,0,3
AT2G42580,0,3
AT2G42810,0,3
AT2G43290,0,3
AT2G46535,0,3
AT2G48140,0,3
AT3G03820,0,3
AT3G03830,0,3
AT3G03840,0,3
AT3G04630,0,3
AT3G06740,0,3
AT3G06750,0,3
AT3G06770,0,3
AT3G06868,0,3
AT3G06890,0,3
AT3G09070,0,3
AT3G10020,0,3
AT3G12580,0,3
AT3G13400,0,3
AT3G13520,0,3
AT3G14880,0,3
AT3G15760,0,3
AT3G16250,0,3
AT3G16330,0,3
AT3G16570,0,3
AT3G19250,0,3
AT3G19380,0,3
AT3G19580,0,3
AT3G22070,0,3
AT3G25640,0,3
AT3G25870,0,3
AT3G27500,0,3
AT3G44330,0,3
AT3G49220,0,3
AT3G49880,0,3
AT3G49930,0,3
AT3G50130,0,3
AT3G52540,0,3
AT3G55090,0,3
AT3G57540,0,3
AT3G57650,0,3
AT3G58190,0,3
AT3G59980,0,3
AT3G60220,0,3
AT3G60390,0,3
AT3G61630,0,3
AT3G62410,0,3
AT4G00840,0,3
AT4G01140,0,3
AT4G01950,0,3
AT4G02230,0,3
AT4G02360,0,3
AT4G03820,0,3
AT4G04925,0,3
AT4G06536,0,3
AT4G12330,0,3
AT4G12520,0,3
AT4G13150,0,3
AT4G14819,0,3
AT4G14830,0,3
AT4G15690,0,3
AT4G18280,0,3
AT4G21200,0,3
AT4G21210,0,3
AT4G22233,0,3
AT4G25225,0,3
AT4G25260,0,3
AT4G25420,0,3
AT4G25780,0,3
AT4G28085,0,3
AT4G28110,0,3
AT4G29340,0,3
AT4G31550,0,3
AT4G31730,0,3
AT4G33440,0,3
AT4G33666,0,3
AT4G35470,0,3
AT4G36570,0,3
AT4G37295,0,3
AT4G37540,0,3
AT4G37660,0,3
AT5G01881,0,3
AT5G06150,0,3
AT5G06390,0,3
AT5G06710,0,3
AT5G08330,0,3
AT5G09520,0,3
AT5G09530,0,3
AT5G10695,0,3
AT5G11760,0,3
AT5G12110,0,3
AT5G13580,0,3
AT5G13700,0,3
AT5G15190,0,3
AT5G15630,0,3
AT5G15960,0,3
AT5G16380,0,3
AT5G18010,0,3
AT5G18050,0,3
AT5G18080,0,3
AT5G18200,0,3
AT5G19810,0,3
AT5G20270,0,3
AT5G22940,0,3
AT5G28919,0,3
AT5G38770,0,3
AT5G40250,0,3
AT5G41570,0,3
AT5G41900,0,3
AT5G44860,0,3
AT5G47610,0,3
AT5G47640,0,3
AT5G47840,0,3
AT5G50360,0,3
AT5G53250,0,3
AT5G56320,0,3
AT5G57685,0,3
AT5G58070,0,3
AT5G59845,0,3
AT5G60570,0,3
AT5G61410,0,3
AT5G61570,0,3
AT5G62865,0,3
AT5G63130,0,3
AT5G64310,0,3
AT5G64900,0,3
AT5G65660,0,3
AT5G66260,0,3
AT5G66780,0,3
AT5G67160,0,3
AT1G01650,1,4
AT1G01750,1,4
AT1G02800,1,4
AT1G02900,1,4
AT1G02930,1,4
AT1G05000,1,4
AT1G05020,1,4
AT1G06080,1,4
AT1G06330,1,4
AT1G08630,1,4
AT1G10140,1,4
AT1G10160,1,4
AT1G11260,1,4
AT1G12040,1,4
AT1G12950,1,4
AT1G13250,1,4
AT1G13930,1,4
AT1G15040,1,4
AT1G15170,1,4
AT1G15380,1,4
AT1G15640,1,4
AT1G16370,1,4
AT1G17310,1,4
AT1G17710,1,4
AT1G18100,1,4
AT1G18980,1,4
AT1G19380,1,4
AT1G19900,1,4
AT1G20520,1,4
AT1G23730,1,4
AT1G24530,1,4
AT1G25530,1,4
AT1G26930,1,4
AT1G29090,1,4
AT1G30840,1,4
AT1G34540,1,4
AT1G35310,1,4
AT1G44830,1,4
AT1G49570,1,4
AT1G49660,1,4
AT1G50040,1,4
AT1G50060,1,4
AT1G52330,1,4
AT1G53230,1,4
AT1G54970,1,4
AT1G61800,1,4
AT1G62770,1,4
AT1G66440,1,4
AT1G69890,1,4
AT1G71030,1,4
AT1G72290,1,4
AT1G72810,1,4
AT1G76020,1,4
AT1G76410,1,4
AT1G77380,1,4
AT1G79320,1,4
AT1G80130,1,4
AT1G80530,1,4
AT1G80760,1,4
AT2G04800,1,4
AT2G14920,1,4
AT2G15320,1,4
AT2G15760,1,4
AT2G16060,1,4
AT2G16740,1,4
AT2G20520,1,4
AT2G24980,1,4
AT2G25900,1,4
AT2G26070,1,4
AT2G26440,1,4
AT2G26740,1,4
AT2G26750,1,4
AT2G27420,1,4
AT2G27660,1,4
AT2G29290,1,4
AT2G29310,1,4
AT2G30150,1,4
AT2G31085,1,4
AT2G31110,1,4
AT2G32100,1,4
AT2G32270,1,4
AT2G33130,1,4
AT2G34060,1,4
AT2G34340,1,4
AT2G34870,1,4
AT2G34910,1,4
AT2G35260,1,4
AT2G36080,1,4
AT2G36090,1,4
AT2G36320,1,4
AT2G38290,1,4
AT2G39210,1,4
AT2G39705,1,4
AT2G41090,1,4
AT2G41225,1,4
AT2G43140,1,4
AT2G43920,1,4
AT2G44380,1,4
AT2G46660,1,4
AT2G46860,1,4
AT2G46940,1,4
AT2G46990,1,4
AT3G01670,1,4
AT3G01730,1,4
AT3G01970,1,4
AT3G02550,1,4
AT3G04720,1,4
AT3G05600,1,4
AT3G05920,1,4
AT3G06590,1,4
AT3G08860,1,4
AT3G10290,1,4
AT3G10710,1,4
AT3G11650,1,4
AT3G11660,1,4
AT3G13570,1,4
AT3G13760,1,4
AT3G15030,1,4
AT3G16660,1,4
AT3G16770,1,4
AT3G17680,1,4
AT3G18630,1,4
AT3G20590,1,4
AT3G20900,1,4
AT3G21510,1,4
AT3G22800,1,4
AT3G23150,1,4
AT3G23810,1,4
AT3G26960,1,4
AT3G28340,1,4
AT3G29410,1,4
AT3G43270,1,4
AT3G43850,1,4
AT3G45285,1,4
AT3G46280,1,4
AT3G48580,1,4
AT3G48990,1,4
AT3G49960,1,4
AT3G51600,1,4
AT3G52780,1,4
AT3G53460,1,4
AT3G54040,1,4
AT3G56400,1,4
AT3G60520,1,4
AT3G60530,1,4
AT3G62060,1,4
AT3G63010,1,4
AT3G63200,1,4
AT4G00180,1,4
AT4G00730,1,4
AT4G01700,1,4
AT4G02520,1,4
AT4G06744,1,4
AT4G07820,1,4
AT4G08400,1,4
AT4G08620,1,4
AT4G08950,1,4
AT4G09530,1,4
AT4G10265,1,4
AT4G10380,1,4
AT4G11370,1,4
AT4G12470,1,4
AT4G12480,1,4
AT4G12490,1,4
AT4G12870,1,4
AT4G13390,1,4
AT4G13395,1,4
AT4G13840,1,4
AT4G14030,1,4
AT4G15700,1,4
AT4G15960,1,4
AT4G15975,1,4
AT4G16260,1,4
AT4G16442,1,4
AT4G16760,1,4
AT4G18680,1,4
AT4G21310,1,4
AT4G21680,1,4
AT4G22080,1,4
AT4G22470,1,4
AT4G22840,1,4
AT4G23560,1,4
AT4G23700,1,4
AT4G24670,1,4
AT4G25220,1,4
AT4G26010,1,4
AT4G26220,1,4
AT4G27310,1,4
AT4G27470,1,4
AT4G28040,1,4
AT4G28850,1,4
AT4G32810,1,4
AT4G33070,1,4
AT4G33560,1,4
AT4G33870,1,4
AT4G35160,1,4
AT4G37240,1,4
AT4G38580,1,4
AT5G01180,1,4
AT5G01740,1,4
AT5G03610,1,4
AT5G03730,1,4
AT5G05435,1,4
AT5G05500,1,4
AT5G05880,1,4
AT5G06570,1,4
AT5G06630,1,4
AT5G06640,1,4
AT5G06990,1,4
AT5G08260,1,4
AT5G10625,1,4
AT5G11160,1,4
AT5G12330,1,4
AT5G13500,1,4
AT5G14780,1,4
AT5G14920,1,4
AT5G15120,1,4
AT5G15530,1,4
AT5G15720,1,4
AT5G16080,1,4
AT5G17847,1,4
AT5G18220,1,4
AT5G18470,1,4
AT5G19040,1,4
AT5G19230,1,4
AT5G19890,1,4
AT5G20250,1,4
AT5G20790,1,4
AT5G20820,1,4
AT5G22410,1,4
AT5G22630,1,4
AT5G23030,1,4
AT5G23790,1,4
AT5G24313,1,4
AT5G25350,1,4
AT5G26731,1,4
AT5G27320,1,4
AT5G33340,1,4
AT5G35190,1,4
AT5G38940,1,4
AT5G40780,1,4
AT5G41761,1,4
AT5G42530,1,4
AT5G44255,1,4
AT5G44580,1,4
AT5G44582,1,4
AT5G44820,1,4
AT5G44910,1,4
AT5G46960,1,4
AT5G48180,1,4
AT5G48890,1,4
AT5G49080,1,4
AT5G49170,1,4
AT5G49270,1,4
AT5G49630,1,4
AT5G49665,1,4
AT5G52810,1,4
AT5G53660,1,4
AT5G53750,1,4
AT5G54500,1,4
AT5G55620,1,4
AT5G55930,1,4
AT5G57520,1,4
AT5G57530,1,4
AT5G59040,1,4
AT5G59530,1,4
AT5G61350,1,4
AT5G61490,1,4
AT5G63270,1,4
AT5G63660,1,4
AT5G64100,1,4
AT5G64120,1,4
AT5G64750,1,4
AT5G66170,1,4
AT5G66985,1,4
AT5G67400,1,4
AT1G01620,0,4
AT1G02770,0,4
AT1G03120,0,4
AT1G03700,0,4
AT1G04660,0,4
AT1G04980,0,4
AT1G05300,0,4
AT1G05660,0,4
AT1G06180,0,4
AT1G06520,0,4
AT1G09350,0,4
AT1G10360,0,4
AT1G11125,0,4
AT1G12064,0,4
AT1G14700,0,4
AT1G16500,0,4
AT1G17190,0,4
AT1G20030,0,4
AT1G21110,0,4
AT1G21120,0,4
AT1G22110,0,4
AT1G22330,0,4
AT1G22530,0,4
AT1G22550,0,4
AT1G22600,0,4
AT1G22740,0,4
AT1G23330,0,4
AT1G24430,0,4
AT1G25450,0,4
AT1G28130,0,4
AT1G29195,0,4
AT1G29460,0,4
AT1G30530,0,4
AT1G32560,0,4
AT1G35516,0,4
AT1G44350,0,4
AT1G45015,0,4
AT1G47760,0,4
AT1G48480,0,4
AT1G48990,0,4
AT1G49450,0,4
AT1G49475,0,4
AT1G51500,0,4
AT1G52750,0,4
AT1G54540,0,4
AT1G55240,0,4
AT1G56320,0,4
AT1G57990,0,4
AT1G58030,0,4
AT1G58280,0,4
AT1G62480,0,4
AT1G62570,0,4
AT1G62610,0,4
AT1G63380,0,4
AT1G64950,0,4
AT1G66800,0,4
AT1G68850,0,4
AT1G70985,0,4
AT1G72140,0,4
AT1G72230,0,4
AT1G73010,0,4
AT1G73290,0,4
AT1G73340,0,4
AT1G75900,0,4
AT1G76790,0,4
AT1G77450,0,4
AT1G79520,0,4
AT1G79720,0,4
AT1G79840,0,4
AT1G80090,0,4
AT1G80820,0,4
AT2G01580,0,4
AT2G03200,0,4
AT2G04570,0,4
AT2G10940,0,4
AT2G13610,0,4
AT2G16280,0,4
AT2G16630,0,4
AT2G17500,0,4
AT2G18210,0,4
AT2G19760,0,4
AT2G21050,0,4
AT2G21140,0,4
AT2G21260,0,4
AT2G21360,0,4
AT2G22420,0,4
AT2G22510,0,4
AT2G24560,0,4
AT2G28860,0,4
AT2G28950,0,4
AT2G30520,0,4
AT2G30930,0,4
AT2G34070,0,4
AT2G34500,0,4
AT2G35060,0,4
AT2G35300,0,4
AT2G35733,0,4
AT2G37380,0,4
AT2G37390,0,4
AT2G38640,0,4
AT2G38750,0,4
AT2G39510,0,4
AT2G39800,0,4
AT2G40610,0,4
AT2G41312,0,4
AT2G41660,0,4
AT2G42900,0,4
AT2G43390,0,4
AT2G44130,0,4
AT2G44230,0,4
AT2G44290,0,4
AT2G45960,0,4
AT2G46120,0,4
AT2G46150,0,4
AT2G47890,0,4
AT3G01350,0,4
AT3G02140,0,4
AT3G02410,0,4
AT3G03341,0,4
AT3G06360,0,4
AT3G07000,0,4
AT3G09220,0,4
AT3G11410,0,4
AT3G11430,0,4
AT3G11900,0,4
AT3G12110,0,4
AT3G13175,0,4
AT3G13335,0,4
AT3G13790,0,4
AT3G15280,0,4
AT3G16370,0,4
AT3G16460,0,4
AT3G16850,0,4
AT3G18490,0,4
AT3G20370,0,4
AT3G20660,0,4
AT3G21230,0,4
AT3G21750,0,4
AT3G21760,0,4
AT3G22550,0,4
AT3G22600,0,4
AT3G23470,0,4
AT3G23570,0,4
AT3G43720,0,4
AT3G45680,0,4
AT3G45960,0,4
AT3G46170,0,4
AT3G47295,0,4
AT3G47960,0,4
AT3G48350,0,4
AT3G49330,0,4
AT3G49845,0,4
AT3G50280,0,4
AT3G50400,0,4
AT3G51860,0,4
AT3G52525,0,4
AT3G53420,0,4
AT3G53510,0,4
AT3G54770,0,4
AT3G55940,0,4
AT3G55950,0,4
AT3G56250,0,4
AT3G58710,0,4
AT3G59340,0,4
AT3G61490,0,4
AT3G62040,0,4
AT4G00430,0,4
AT4G01630,0,4
AT4G02130,0,4
AT4G02410,0,4
AT4G02850,0,4
AT4G04840,0,4
AT4G05100,0,4
AT4G08300,0,4
AT4G09030,0,4
AT4G09460,0,4
AT4G10360,0,4
AT4G10500,0,4
AT4G10910,0,4
AT4G11820,0,4
AT4G12170,0,4
AT4G12690,0,4
AT4G12910,0,4
AT4G13180,0,4
AT4G14550,0,4
AT4G15500,0,4
AT4G15630,0,4
AT4G15765,0,4
AT4G15920,0,4
AT4G16447,0,4
AT4G16980,0,4
AT4G17280,0,4
AT4G17470,0,4
AT4G17550,0,4
AT4G18270,0,4
AT4G19030,0,4
AT4G20870,0,4
AT4G21850,0,4
AT4G21910,0,4
AT4G23500,0,4
AT4G24130,0,4
AT4G24780,0,4
AT4G25960,0,4
AT4G26320,0,4
AT4G26790,0,4
AT4G27530,0,4
AT4G28950,0,4
AT4G29930,0,4
AT4G30530,0,4
AT4G30810,0,4
AT4G30850,0,4
AT4G31370,0,4
AT4G32770,0,4
AT4G34790,0,4
AT4G35090,0,4
AT4G35300,0,4
AT4G35420,0,4
AT4G36610,0,4
AT4G37400,0,4
AT4G37410,0,4
AT4G37430,0,4
AT4G37700,0,4
AT4G38080,0,4
AT4G38400,0,4
AT4G38932,0,4
AT4G39950,0,4
AT5G01330,0,4
AT5G01700,0,4
AT5G02170,0,4
AT5G02420,0,4
AT5G04000,0,4
AT5G04120,0,4
AT5G04840,0,4
AT5G06090,0,4
AT5G06530,0,4
AT5G06740,0,4
AT5G07330,0,4
AT5G07475,0,4
AT5G10120,0,4
AT5G10430,0,4
AT5G11540,0,4
AT5G13900,0,4
AT5G14130,0,4
AT5G15350,0,4
AT5G15780,0,4
AT5G16590,0,4
AT5G17490,0,4
AT5G17810,0,4
AT5G19410,0,4
AT5G20520,0,4
AT5G20635,0,4
AT5G23190,0,4
AT5G23820,0,4
AT5G24100,0,4
AT5G24130,0,4
AT5G24140,0,4
AT5G24150,0,4
AT5G24380,0,4
AT5G24990,0,4
AT5G26820,0,4
AT5G35940,0,4
AT5G36920,0,4
AT5G37940,0,4
AT5G38010,0,4
AT5G41040,0,4
AT5G42580,0,4
AT5G42590,0,4
AT5G42600,0,4
AT5G44005,0,4
AT5G44020,0,4
AT5G45670,0,4
AT5G45920,0,4
AT5G46890,0,4
AT5G46900,0,4
AT5G47000,0,4
AT5G47330,0,4
AT5G47560,0,4
AT5G47635,0,4
AT5G47980,0,4
AT5G47990,0,4
AT5G48000,0,4
AT5G48010,0,4
AT5G49360,0,4
AT5G51780,0,4
AT5G51790,0,4
AT5G54585,0,4
AT5G55250,0,4
AT5G57740,0,4
AT5G59320,0,4
AT5G59470,0,4
AT5G59590,0,4
AT5G60220,0,4
AT5G61290,0,4
AT5G62220,0,4
AT5G62770,0,4
AT5G63350,0,4
AT5G63450,0,4
AT5G64080,0,4
AT5G64510,0,4
AT5G64850,0,4
AT5G65280,0,4
AT5G66460,0,4
AT5G66815,0,4
AT1G01380,1,5
AT1G02460,1,5
AT1G02570,1,5
AT1G02920,1,5
AT1G05240,1,5
AT1G05250,1,5
AT1G05990,1,5
AT1G07300,1,5
AT1G07440,1,5
AT1G07690,1,5
AT1G07795,1,5
AT1G10070,1,5
AT1G10380,1,5
AT1G11540,1,5
AT1G11655,1,5
AT1G12560,1,5
AT1G13430,1,5
AT1G14210,1,5
AT1G15630,1,5
AT1G15825,1,5
AT1G17810,1,5
AT1G18290,1,5
AT1G18420,1,5
AT1G18970,1,5
AT1G19200,1,5
AT1G19530,1,5
AT1G19770,1,5
AT1G19960,1,5
AT1G21050,1,5
AT1G21360,1,5
AT1G21400,1,5
AT1G22990,1,5
AT1G23720,1,5
AT1G25240,1,5
AT1G26250,1,5
AT1G26360,1,5
AT1G27020,1,5
AT1G28080,1,5
AT1G29160,1,5
AT1G29540,1,5
AT1G30730,1,5
AT1G30870,1,5
AT1G31350,1,5
AT1G31885,1,5
AT1G32540,1,5
AT1G33700,1,5
AT1G34510,1,5
AT1G35617,1,5
AT1G43790,1,5
AT1G43800,1,5
AT1G48640,1,5
AT1G48690,1,5
AT1G48930,1,5
AT1G49310,1,5
AT1G49320,1,5
AT1G51800,1,5
AT1G52200,1,5
AT1G53080,1,5
AT1G53680,1,5
AT1G54890,1,5
AT1G55290,1,5
AT1G55365,1,5
AT1G55920,1,5
AT1G56220,1,5
AT1G56650,1,5
AT1G56680,1,5
AT1G58170,1,5
AT1G59740,1,5
AT1G60740,1,5
AT1G61255,1,5
AT1G61360,1,5
AT1G61750,1,5
AT1G62380,1,5
AT1G62440,1,5
AT1G62980,1,5
AT1G63600,1,5
AT1G63930,1,5
AT1G65845,1,5
AT1G66140,1,5
AT1G67148,1,5
AT1G67328,1,5
AT1G67330,1,5
AT1G68570,1,5
AT1G68568,1,5
AT1G68620,1,5
AT1G69240,1,5
AT1G70710,1,5
AT1G72200,1,5
AT1G72360,1,5
AT1G73580,1,5
AT1G75000,1,5
AT1G75290,1,5
AT1G76500,1,5
AT1G76930,1,5
AT1G77120,1,5
AT1G78270,1,5
AT1G78265,1,5
AT1G78480,1,5
AT1G79360,1,5
AT1G79750,1,5
AT1G80160,1,5
AT1G80440,1,5
AT1G80830,1,5
AT2G01190,1,5
AT2G01530,1,5
AT2G02930,1,5
AT2G04795,1,5
AT2G05510,1,5
AT2G13360,1,5
AT2G17850,1,5
AT2G18196,1,5
AT2G19572,1,5
AT2G19970,1,5
AT2G20500,1,5
AT2G21910,1,5
AT2G25820,1,5
AT2G25940,1,5
AT2G26290,1,5
AT2G28440,1,5
AT2G28570,1,5
AT2G29340,1,5
AT2G29740,1,5
AT2G30395,1,5
AT2G31083,1,5
AT2G34810,1,5
AT2G35820,1,5
AT2G36120,1,5
AT2G36570,1,5
AT2G40540,1,5
AT2G40940,1,5
AT2G40970,1,5
AT2G41100,1,5
AT2G41970,1,5
AT2G43100,1,5
AT2G44070,1,5
AT2G45750,1,5
AT2G46210,1,5
AT2G46750,1,5
AT2G47360,1,5
AT2G47530,1,5
AT2G47540,1,5
AT3G01290,1,5
AT3G07490,1,5
AT3G08040,1,5
AT3G09925,1,5
AT3G12090,1,5
AT3G14280,1,5
AT3G14850,1,5
AT3G15630,1,5
AT3G17600,1,5
AT3G18230,1,5
AT3G18280,1,5
AT3G19200,1,5
AT3G21460,1,5
AT3G21870,1,5
AT3G22120,1,5
AT3G22750,1,5
AT3G23190,1,5
AT3G23880,1,5
AT3G24300,1,5
AT3G24670,1,5
AT3G26500,1,5
AT3G26770,1,5
AT3G27650,1,5
AT3G28550,1,5
AT3G28958,1,5
AT3G29635,1,5
AT3G29970,1,5
AT3G47340,1,5
AT3G49360,1,5
AT3G51330,1,5
AT3G54580,1,5
AT3G54590,1,5
AT3G55566,1,5
AT3G56500,1,5
AT3G58000,1,5
AT3G58990,1,5
AT3G59890,1,5
AT3G60280,1,5
AT3G60630,1,5
AT3G60780,1,5
AT3G61440,1,5
AT3G62680,1,5
AT3G62950,1,5
AT4G00150,1,5
AT4G00165,1,5
AT4G00680,1,5
AT4G01110,1,5
AT4G01250,1,5
AT4G01750,1,5
AT4G02270,1,5
AT4G02290,1,5
AT4G03510,1,5
AT4G04460,1,5
AT4G06746,1,5
AT4G07825,1,5
AT4G08380,1,5
AT4G08410,1,5
AT4G08870,1,5
AT4G10270,1,5
AT4G11610,1,5
AT4G13210,1,5
AT4G13420,1,5
AT4G14040,1,5
AT4G14130,1,5
AT4G14540,1,5
AT4G14860,1,5
AT4G14980,1,5
AT4G15550,1,5
AT4G15660,1,5
AT4G15670,1,5
AT4G15740,1,5
AT4G16350,1,5
AT4G17680,1,5
AT4G20190,1,5
AT4G20820,1,5
AT4G22305,1,5
AT4G22666,1,5
AT4G23515,1,5
AT4G25790,1,5
AT4G25820,1,5
AT4G27450,1,5
AT4G27900,1,5
AT4G28490,1,5
AT4G28560,1,5
AT4G29080,1,5
AT4G29110,1,5
AT4G31250,1,5
AT4G33020,1,5
AT4G33730,1,5
AT4G34380,1,5
AT4G34419,1,5
AT4G34930,1,5
AT4G34950,1,5
AT4G36032,1,5
AT4G36040,1,5
AT4G36670,1,5
AT4G37220,1,5
AT4G37390,1,5
AT4G38410,1,5
AT4G39675,1,5
AT4G39780,1,5
AT4G40090,1,5
AT5G03670,1,5
AT5G03995,1,5
AT5G04230,1,5
AT5G04960,1,5
AT5G05160,1,5
AT5G07990,1,5
AT5G09370,1,5
AT5G09805,1,5
AT5G10100,1,5
AT5G10170,1,5
AT5G13990,1,5
AT5G14150,1,5
AT5G14200,1,5
AT5G14740,1,5
AT5G15600,1,5
AT5G17165,1,5
AT5G18260,1,5
AT5G18600,1,5
AT5G19120,1,5
AT5G19790,1,5
AT5G20710,1,5
AT5G21130,1,5
AT5G21170,1,5
AT5G22270,1,5
AT5G22890,1,5
AT5G23020,1,5
AT5G25890,1,5
AT5G26960,1,5
AT5G28145,1,5
AT5G36110,1,5
AT5G38930,1,5
AT5G42680,1,5
AT5G43520,1,5
AT5G43910,1,5
AT5G46780,1,5
AT5G46940,1,5
AT5G46950,1,5
AT5G49700,1,5
AT5G50335,1,5
AT5G51105,1,5
AT5G52860,1,5
AT5G53730,1,5
AT5G53870,1,5
AT5G54660,1,5
AT5G55050,1,5
AT5G55170,1,5
AT5G57540,1,5
AT5G57625,1,5
AT5G58010,1,5
AT5G58540,1,5
AT5G59540,1,5
AT5G59940,1,5
AT5G61650,1,5
AT5G63600,1,5
AT5G66440,1,5
AT1G04800,0,5
AT1G06360,0,5
AT1G06830,0,5
AT1G08990,0,5
AT1G09500,0,5
AT1G14240,0,5
AT1G15010,0,5
AT1G15260,0,5
AT1G16515,0,5
AT1G17170,0,5
AT1G17180,0,5
AT1G17970,0,5
AT1G18140,0,5
AT1G19670,0,5
AT1G21790,0,5
AT1G26770,0,5
AT1G29080,0,5
AT1G29395,0,5
AT1G29450,0,5
AT1G30750,0,5
AT1G32900,0,5
AT1G33110,0,5
AT1G33811,0,5
AT1G43780,0,5
AT1G44800,0,5
AT1G47980,0,5
AT1G48130,0,5
AT1G48745,0,5
AT1G49130,0,5
AT1G52830,0,5
AT1G52855,0,5
AT1G53830,0,5
AT1G58270,0,5
AT1G58420,0,5
AT1G62800,0,5
AT1G62990,0,5
AT1G64590,0,5
AT1G66280,0,5
AT1G67865,0,5
AT1G68795,0,5
AT1G69530,0,5
AT1G70170,0,5
AT1G70550,0,5
AT1G71250,0,5
AT1G72610,0,5
AT1G73165,0,5
AT1G73750,0,5
AT1G74460,0,5
AT1G74500,0,5
AT1G74670,0,5
AT1G75030,0,5
AT1G78120,0,5
AT1G78380,0,5
AT1G78490,0,5
AT1G78850,0,5
AT1G79410,0,5
AT2G01340,0,5
AT2G02120,0,5
AT2G02950,0,5
AT2G07669,0,5
AT2G15970,0,5
AT2G16005,0,5
AT2G16760,0,5
AT2G17660,0,5
AT2G17840,0,5
AT2G18800,0,5
AT2G22430,0,5
AT2G22770,0,5
AT2G23010,0,5
AT2G23540,0,5
AT2G26370,0,5
AT2G26390,0,5
AT2G26692,0,5
AT2G27370,0,5
AT2G27385,0,5
AT2G28315,0,5
AT2G28760,0,5
AT2G29380,0,5
AT2G30540,0,5
AT2G31940,0,5
AT2G32800,0,5
AT2G34960,0,5
AT2G35380,0,5
AT2G35770,0,5
AT2G37090,0,5
AT2G37740,0,5
AT2G37870,0,5
AT2G38030,0,5
AT2G38170,0,5
AT2G38610,0,5
AT2G38760,0,5
AT2G39450,0,5
AT2G40170,0,5
AT2G40370,0,5
AT2G41190,0,5
AT2G41300,0,5
AT2G41330,0,5
AT2G43550,0,5
AT2G43670,0,5
AT2G45220,0,5
AT2G47770,0,5
AT2G47880,0,5
AT2G48080,0,5
AT2G48130,0,5
AT3G01190,0,5
AT3G01420,0,5
AT3G01570,0,5
AT3G02000,0,5
AT3G02940,0,5
AT3G03450,0,5
AT3G05880,0,5
AT3G05890,0,5
AT3G06778,0,5
AT3G08990,0,5
AT3G09270,0,5
AT3G13432,0,5
AT3G14440,0,5
AT3G15356,0,5
AT3G15770,0,5
AT3G16240,0,5
AT3G16300,0,5
AT3G16390,0,5
AT3G16400,0,5
AT3G16410,0,5
AT3G16420,0,5
AT3G16430,0,5
AT3G16450,0,5
AT3G18570,0,5
AT3G18850,0,5
AT3G19920,0,5
AT3G21670,0,5
AT3G22060,0,5
AT3G22370,0,5
AT3G22620,0,5
AT3G24020,0,5
AT3G25655,0,5
AT3G44540,0,5
AT3G44735,0,5
AT3G48420,0,5
AT3G50840,0,5
AT3G51240,0,5
AT3G52748,0,5
AT3G52790,0,5
AT3G53010,0,5
AT3G53980,0,5
AT3G55290,0,5
AT3G55420,0,5
AT3G55990,0,5
AT3G56970,0,5
AT3G57010,0,5
AT3G58060,0,5
AT3G59370,0,5
AT3G60690,0,5
AT3G61750,0,5
AT4G00305,0,5
AT4G00750,0,5
AT4G02090,0,5
AT4G03540,0,5
AT4G11211,0,5
AT4G11330,0,5
AT4G11600,0,5
AT4G12545,0,5
AT4G12980,0,5
AT4G13290,0,5
AT4G15990,0,5
AT4G16160,0,5
AT4G17215,0,5
AT4G19810,0,5
AT4G20240,0,5
AT4G20390,0,5
AT4G22105,0,5
AT4G22212,0,5
AT4G22217,0,5
AT4G22460,0,5
AT4G24140,0,5
AT4G24160,0,5
AT4G25250,0,5
AT4G25470,0,5
AT4G26740,0,5
AT4G28940,0,5
AT4G29030,0,5
AT4G30650,0,5
AT4G33550,0,5
AT4G33905,0,5
AT4G35060,0,5
AT4G37150,0,5
AT4G39030,0,5
AT4G39130,0,5
AT4G39800,0,5
AT5G03120,0,5
AT5G05270,0,5
AT5G06200,0,5
AT5G06790,0,5
AT5G06870,0,5
AT5G07130,0,5
AT5G09480,0,5
AT5G12420,0,5
AT5G12870,0,5
AT5G15160,0,5
AT5G15265,0,5
AT5G15290,0,5
AT5G15970,0,5
AT5G16010,0,5
AT5G16240,0,5
AT5G16350,0,5
AT5G17460,0,5
AT5G20045,0,5
AT5G22580,0,5
AT5G23860,0,5
AT5G24770,0,5
AT5G24920,0,5
AT5G25090,0,5
AT5G25140,0,5
AT5G26260,0,5
AT5G27690,0,5
AT5G27780,0,5
AT5G28020,0,5
AT5G36180,0,5
AT5G37690,0,5
AT5G38000,0,5
AT5G38030,0,5
AT5G42930,0,5
AT5G43770,0,5
AT5G44440,0,5
AT5G44550,0,5
AT5G45970,0,5
AT5G46090,0,5
AT5G47500,0,5
AT5G47530,0,5
AT5G47550,0,5
AT5G48485,0,5
AT5G51500,0,5
AT5G51680,0,5
AT5G51810,0,5
AT5G53190,0,5
AT5G53588,0,5
AT5G53590,0,5
AT5G54840,0,5
AT5G56580,0,5
AT5G59130,0,5
AT5G59310,0,5
AT5G59490,0,5
AT5G60650,0,5
AT5G61340,0,5
AT5G61520,0,5
AT5G62490,0,5
AT5G67140,0,5
AT1G01600,1,6
AT1G01640,1,6
AT1G01725,1,6
AT1G01770,1,6
AT1G02050,1,6
AT1G02205,1,6
AT1G03090,1,6
AT1G03970,1,6
AT1G04220,1,6
AT1G06030,1,6
AT1G06570,1,6
AT1G06923,1,6
AT1G07000,1,6
AT1G07040,1,6
AT1G07150,1,6
AT1G07230,1,6
AT1G07260,1,6
AT1G07310,1,6
AT1G07640,1,6
AT1G08930,1,6
AT1G08940,1,6
AT1G09530,1,6
AT1G09932,1,6
AT1G10020,1,6
AT1G10210,1,6
AT1G10400,1,6
AT1G10990,1,6
AT1G11210,1,6
AT1G11530,1,6
AT1G11920,1,6
AT1G12672,1,6
AT1G13100,1,6
AT1G13448,1,6
AT1G13670,1,6
AT1G13910,1,6
AT1G14790,1,6
AT1G14890,1,6
AT1G15050,1,6
AT1G15125,1,6
AT1G15350,1,6
AT1G17300,1,6
AT1G18200,1,6
AT1G18280,1,6
AT1G18570,1,6
AT1G19180,1,6
AT1G20790,1,6
AT1G20900,1,6
AT1G21410,1,6
AT1G21695,1,6
AT1G21770,1,6
AT1G21780,1,6
AT1G21910,1,6
AT1G22065,1,6
AT1G23052,1,6
AT1G23090,1,6
AT1G23120,1,6
AT1G23390,1,6
AT1G23830,1,6
AT1G23850,1,6
AT1G23870,1,6
AT1G25320,1,6
AT1G26270,1,6
AT1G27030,1,6
AT1G27090,1,6
AT1G27100,1,6
AT1G27620,1,6
AT1G27650,1,6
AT1G27670,1,6
AT1G27740,1,6
AT1G28380,1,6
AT1G28520,1,6
AT1G30650,1,6
AT1G30795,1,6
AT1G30850,1,6
AT1G32460,1,6
AT1G34760,1,6
AT1G35183,1,6
AT1G43700,1,6
AT1G44090,1,6
AT1G48325,1,6
AT1G49200,1,6
AT1G50420,1,6
AT1G51860,1,6
AT1G53690,1,6
AT1G53700,1,6
AT1G53890,1,6
AT1G54100,1,6
AT1G54200,1,6
AT1G55510,1,6
AT1G55810,1,6
AT1G55820,1,6
AT1G56020,1,6
AT1G59725,1,6
AT1G59750,1,6
AT1G59850,1,6
AT1G59870,1,6
AT1G60680,1,6
AT1G60989,1,6
AT1G61080,1,6
AT1G61160,1,6
AT1G61370,1,6
AT1G61590,1,6
AT1G62510,1,6
AT1G62760,1,6
AT1G63410,1,6
AT1G64160,1,6
AT1G64370,1,6
AT1G64470,1,6
AT1G64930,1,6
AT1G65300,1,6
AT1G65330,1,6
AT1G66180,1,6
AT1G66450,1,6
AT1G67325,1,6
AT1G67710,1,6
AT1G70230,1,6
AT1G70460,1,6
AT1G70830,1,6
AT1G70990,1,6
AT1G71970,1,6
AT1G72060,1,6
AT1G72450,1,6
AT1G72852,1,6
AT1G73560,1,6
AT1G73610,1,6
AT1G73830,1,6
AT1G74650,1,6
AT1G75080,1,6
AT1G75490,1,6
AT1G76070,1,6
AT1G76210,1,6
AT1G76990,1,6
AT1G77145,1,6
AT1G77210,1,6
AT1G77330,1,6
AT1G77640,1,6
AT1G78460,1,6
AT1G79700,1,6
AT1G79860,1,6
AT1G80380,1,6
AT1G80570,1,6
AT1G80920,1,6
AT2G01900,1,6
AT2G03720,1,6
AT2G04066,1,6
AT2G04080,1,6
AT2G04890,1,6
AT2G05812,1,6
AT2G05910,1,6
AT2G10410,1,6
AT2G12462,1,6
AT2G13790,1,6
AT2G14170,1,6
AT2G14210,1,6
AT2G15695,1,6
AT2G15880,1,6
AT2G15890,1,6
AT2G15960,1,6
AT2G16050,1,6
AT2G17710,1,6
AT2G18350,1,6
AT2G19800,1,6
AT2G20160,1,6
AT2G20550,1,6
AT2G20670,1,6
AT2G20950,1,6
AT2G21188,1,6
AT2G21550,1,6
AT2G22122,1,6
AT2G22660,1,6
AT2G22680,1,6
AT2G23100,1,6
AT2G23170,1,6
AT2G23180,1,6
AT2G23290,1,6
AT2G23810,1,6
AT2G24260,1,6
AT2G25240,1,6
AT2G26080,1,6
AT2G27860,1,6
AT2G28040,1,6
AT2G28110,1,6
AT2G28200,1,6
AT2G29060,1,6
AT2G29470,1,6
AT2G29620,1,6
AT2G30600,1,6
AT2G31180,1,6
AT2G31790,1,6
AT2G32150,1,6
AT2G33830,1,6
AT2G34000,1,6
AT2G34140,1,6
AT2G35150,1,6
AT2G35930,1,6
AT2G36890,1,6
AT2G37025,1,6
AT2G38100,1,6
AT2G38400,1,6
AT2G38410,1,6
AT2G38430,1,6
AT2G39180,1,6
AT2G39350,1,6
AT2G39400,1,6
AT2G39570,1,6
AT2G41050,1,6
AT2G41280,1,6
AT2G41850,1,6
AT2G42620,1,6
AT2G42880,1,6
AT2G43060,1,6
AT2G43400,1,6
AT2G44110,1,6
AT2G44370,1,6
AT2G44450,1,6
AT2G45170,1,6
AT2G45530,1,6
AT2G45620,1,6
AT2G46220,1,6
AT2G46690,1,6
AT2G47160,1,6
AT2G47180,1,6
AT3G01560,1,6
AT3G02040,1,6
AT3G02070,1,6
AT3G02670,1,6
AT3G03240,1,6
AT3G03470,1,6
AT3G04060,1,6
AT3G04530,1,6
AT3G06840,1,6
AT3G06850,1,6
AT3G07070,1,6
AT3G07195,1,6
AT3G07350,1,6
AT3G07560,1,6
AT3G07870,1,6
AT3G08850,1,6
AT3G09780,1,6
AT3G10120,1,6
AT3G10720,1,6
AT3G10815,1,6
AT3G11210,1,6
AT3G11773,1,6
AT3G12540,1,6
AT3G12570,1,6
AT3G12750,1,6
AT3G12920,1,6
AT3G13062,1,6
AT3G13450,1,6
AT3G13510,1,6
AT3G14230,1,6
AT3G15440,1,6
AT3G15500,1,6
AT3G16350,1,6
AT3G16857,1,6
AT3G17770,1,6
AT3G17998,1,6
AT3G18000,1,6
AT3G18715,1,6
AT3G18950,1,6
AT3G20300,1,6
AT3G20340,1,6
AT3G20830,1,6
AT3G21260,1,6
AT3G21781,1,6
AT3G23820,1,6
AT3G24120,1,6
AT3G24450,1,6
AT3G26220,1,6
AT3G26610,1,6
AT3G26760,1,6
AT3G27580,1,6
AT3G29035,1,6
AT3G29240,1,6
AT3G30775,1,6
AT3G42725,1,6
AT3G43505,1,6
AT3G43800,1,6
AT3G44700,1,6
AT3G45300,1,6
AT3G47010,1,6
AT3G47510,1,6
AT3G48530,1,6
AT3G49380,1,6
AT3G49700,1,6
AT3G50340,1,6
AT3G50950,1,6
AT3G51410,1,6
AT3G51730,1,6
AT3G52480,1,6
AT3G53540,1,6
AT3G55720,1,6
AT3G56140,1,6
AT3G56170,1,6
AT3G56590,1,6
AT3G57120,1,6
AT3G57550,1,6
AT3G59120,1,6
AT3G59480,1,6
AT3G59940,1,6
AT3G60200,1,6
AT3G60330,1,6
AT3G60510,1,6
AT3G61060,1,6
AT3G61172,1,6
AT3G61680,1,6
AT3G62990,1,6
AT4G00050,1,6
AT4G01720,1,6
AT4G02170,1,6
AT4G03030,1,6
AT4G04810,1,6
AT4G04990,1,6
AT4G05150,1,6
AT4G09560,1,6
AT4G12310,1,6
AT4G13530,1,6
AT4G13660,1,6
AT4G13830,1,6
AT4G14900,1,6
AT4G14930,1,6
AT4G15545,1,6
AT4G15680,1,6
AT4G16008,1,6
AT4G17245,1,6
AT4G18430,1,6
AT4G20050,1,6
AT4G21250,1,6
AT4G21410,1,6
AT4G21534,1,6
AT4G21590,1,6
AT4G21890,1,6
AT4G21902,1,6
AT4G21960,1,6
AT4G22710,1,6
AT4G23510,1,6
AT4G24050,1,6
AT4G24230,1,6
AT4G24630,1,6
AT4G24690,1,6
AT4G25190,1,6
AT4G25500,1,6
AT4G25580,1,6
AT4G25860,1,6
AT4G26480,1,6
AT4G27740,1,6
AT4G27970,1,6
AT4G28270,1,6
AT4G28350,1,6
AT4G28650,1,6
AT4G29180,1,6
AT4G30020,1,6
AT4G30270,1,6
AT4G30280,1,6
AT4G30320,1,6
AT4G30670,1,6
AT4G30980,1,6
AT4G32285,1,6
AT4G32480,1,6
AT4G32760,1,6
AT4G34030,1,6
AT4G35190,1,6
AT4G35750,1,6
AT4G35900,1,6
AT4G36250,1,6
AT4G36430,1,6
AT4G36780,1,6
AT4G36850,1,6
AT4G37260,1,6
AT4G37300,1,6
AT4G37432,1,6
AT4G37610,1,6
AT4G37890,1,6
AT4G38140,1,6
AT4G38470,1,6
AT4G38520,1,6
AT4G38540,1,6
AT4G38550,1,6
AT4G38650,1,6
AT4G39640,1,6
AT4G39830,1,6
AT5G01350,1,6
AT5G02480,1,6
AT5G02540,1,6
AT5G02750,1,6
AT5G03200,1,6
AT5G03360,1,6
AT5G04500,1,6
AT5G04520,1,6
AT5G04970,1,6
AT5G05110,1,6
AT5G05320,1,6
AT5G05760,1,6
AT5G06250,1,6
AT5G06720,1,6
AT5G07100,1,6
AT5G08510,1,6
AT5G09672,1,6
AT5G09670,1,6
AT5G10190,1,6
AT5G10770,1,6
AT5G12050,1,6
AT5G13080,1,6
AT5G13330,1,6
AT5G13790,1,6
AT5G14120,1,6
AT5G14170,1,6
AT5G14230,1,6
AT5G14370,1,6
AT5G14470,1,6
AT5G14830,1,6
AT5G15890,1,6
AT5G16370,1,6
AT5G16410,1,6
AT5G16910,1,6
AT5G17390,1,6
AT5G17430,1,6
AT5G17700,1,6
AT5G18490,1,6
AT5G19000,1,6
AT5G19060,1,6
AT5G19260,1,6
AT5G19800,1,6
AT5G20810,1,6
AT5G20830,1,6
AT5G21090,1,6
AT5G21100,1,6
AT5G21120,1,6
AT5G21940,1,6
AT5G22500,1,6
AT5G23350,1,6
AT5G23360,1,6
AT5G23660,1,6
AT5G24030,1,6
AT5G24230,1,6
AT5G24570,1,6
AT5G24910,1,6
AT5G25180,1,6
AT5G25190,1,6
AT5G25440,1,6
AT5G26080,1,6
AT5G26620,1,6
AT5G28010,1,6
AT5G28626,1,6
AT5G34780,1,6
AT5G36260,1,6
AT5G37550,1,6
AT5G38700,1,6
AT5G40100,1,6
AT5G41700,1,6
AT5G44160,1,6
AT5G44920,1,6
AT5G46080,1,6
AT5G46330,1,6
AT5G46710,1,6
AT5G47240,1,6
AT5G47390,1,6
AT5G47590,1,6
AT5G47650,1,6
AT5G47920,1,6
AT5G48657,1,6
AT5G48800,1,6
AT5G48920,1,6
AT5G49660,1,6
AT5G50010,1,6
AT5G50011,1,6
AT5G50012,1,6
AT5G51270,1,6
AT5G51390,1,6
AT5G51670,1,6
AT5G51970,1,6
AT5G52920,1,6
AT5G53320,1,6
AT5G53950,1,6
AT5G54080,1,6
AT5G55560,1,6
AT5G56040,1,6
AT5G56890,1,6
AT5G57240,1,6
AT5G57400,1,6
AT5G57620,1,6
AT5G57710,1,6
AT5G57887,1,6
AT5G57920,1,6
AT5G58150,1,6
AT5G58575,1,6
AT5G58660,1,6
AT5G61420,1,6
AT5G61590,1,6
AT5G62280,1,6
AT5G63610,1,6
AT5G63650,1,6
AT5G64190,1,6
AT5G64330,1,6
AT5G64410,1,6
AT5G64430,1,6
AT5G64440,1,6
AT5G65170,1,6
AT5G65200,1,6
AT5G66700,1,6
AT1G01580,0,6
AT1G03630,0,6
AT1G05220,0,6
AT1G05450,0,6
AT1G09380,0,6
AT1G09960,0,6
AT1G10370,0,6
AT1G10480,0,6
AT1G10970,0,6
AT1G12890,0,6
AT1G13080,0,6
AT1G13635,0,6
AT1G14960,0,6
AT1G15080,0,6
AT1G17020,0,6
AT1G18060,0,6
AT1G19550,0,6
AT1G21140,0,6
AT1G22710,0,6
AT1G23100,0,6
AT1G24095,0,6
AT1G24600,0,6
AT1G26762,0,6
AT1G28600,0,6
AT1G32385,0,6
AT1G34670,0,6
AT1G43650,0,6
AT1G52230,0,6
AT1G53610,0,6
AT1G56430,0,6
AT1G61050,0,6
AT1G64970,0,6
AT1G65620,0,6
AT1G65840,0,6
AT1G68500,0,6
AT1G69230,0,6
AT1G69870,0,6
AT1G70880,0,6
AT1G71880,0,6
AT1G72030,0,6
AT1G73620,0,6
AT1G73965,0,6
AT1G74010,0,6
AT1G74020,0,6
AT1G75090,0,6
AT1G75280,0,6
AT1G80120,0,6
AT1G80370,0,6
AT2G01290,0,6
AT2G05914,0,6
AT2G07748,0,6
AT2G12190,0,6
AT2G14860,0,6
AT2G15370,0,6
AT2G16850,0,6
AT2G17280,0,6
AT2G18980,0,6
AT2G21280,0,6
AT2G21370,0,6
AT2G25160,0,6
AT2G28870,0,6
AT2G29650,0,6
AT2G30570,0,6
AT2G33180,0,6
AT2G33330,0,6
AT2G34350,0,6
AT2G35290,0,6
AT2G35980,0,6
AT2G36145,0,6
AT2G36790,0,6
AT2G36885,0,6
AT2G37790,0,6
AT2G38210,0,6
AT2G39220,0,6
AT2G39420,0,6
AT2G39470,0,6
AT2G39890,0,6
AT2G40220,0,6
AT2G40250,0,6
AT2G40460,0,6
AT2G41475,0,6
AT2G41610,0,6
AT2G41950,0,6
AT2G42110,0,6
AT2G43560,0,6
AT2G44640,0,6
AT2G44940,0,6
AT2G47870,0,6
AT2G48020,0,6
AT3G02690,0,6
AT3G03770,0,6
AT3G04770,0,6
AT3G05640,0,6
AT3G05870,0,6
AT3G06145,0,6
AT3G06390,0,6
AT3G10110,0,6
AT3G11340,0,6
AT3G11580,0,6
AT3G12977,0,6
AT3G15570,0,6
AT3G15680,0,6
AT3G15990,0,6
AT3G16440,0,6
AT3G16560,0,6
AT3G18400,0,6
AT3G18660,0,6
AT3G20940,0,6
AT3G22500,0,6
AT3G23605,0,6
AT3G24535,0,6
AT3G25110,0,6
AT3G26060,0,6
AT3G27200,0,6
AT3G29250,0,6
AT3G29630,0,6
AT3G43580,0,6
AT3G44020,0,6
AT3G44590,0,6
AT3G45010,0,6
AT3G45310,0,6
AT3G45320,0,6
AT3G45870,0,6
AT3G47430,0,6
AT3G47490,0,6
AT3G48660,0,6
AT3G50220,0,6
AT3G50505,0,6
AT3G51510,0,6
AT3G51660,0,6
AT3G51970,0,6
AT3G52360,0,6
AT3G52820,0,6
AT3G54890,0,6
AT3G56090,0,6
AT3G56980,0,6
AT3G59250,0,6
AT3G61990,0,6
AT3G63160,0,6
AT4G01130,0,6
AT4G01455,0,6
AT4G10040,0,6
AT4G11210,0,6
AT4G11280,0,6
AT4G12550,0,6
AT4G15340,0,6
AT4G16210,0,6
AT4G16235,0,6
AT4G18360,0,6
AT4G18550,0,6
AT4G18780,0,6
AT4G18890,0,6
AT4G21970,0,6
AT4G22214,0,6
AT4G22250,0,6
AT4G22610,0,6
AT4G24350,0,6
AT4G26810,0,6
AT4G27435,0,6
AT4G28140,0,6
AT4G28290,0,6
AT4G28660,0,6
AT4G30660,0,6
AT4G31330,0,6
AT4G33145,0,6
AT4G33490,0,6
AT4G34190,0,6
AT4G34290,0,6
AT4G34710,0,6
AT4G34750,0,6
AT4G37630,0,6
AT4G38370,0,6
AT4G39480,0,6
AT4G39970,0,6
AT5G01190,0,6
AT5G01360,0,6
AT5G01490,0,6
AT5G03170,0,6
AT5G05290,0,6
AT5G05630,0,6
AT5G06190,0,6
AT5G08391,0,6
AT5G08400,0,6
AT5G08565,0,6
AT5G09585,0,6
AT5G09800,0,6
AT5G09978,0,6
AT5G10130,0,6
AT5G11070,0,6
AT5G11450,0,6
AT5G11520,0,6
AT5G13610,0,6
AT5G14450,0,6
AT5G14570,0,6
AT5G15180,0,6
AT5G16490,0,6
AT5G16970,0,6
AT5G16980,0,6
AT5G17420,0,6
AT5G19730,0,6
AT5G19870,0,6
AT5G20550,0,6
AT5G20630,0,6
AT5G20935,0,6
AT5G23060,0,6
AT5G23220,0,6
AT5G23830,0,6
AT5G23840,0,6
AT5G24105,0,6
AT5G25020,0,6
AT5G26330,0,6
AT5G26340,0,6
AT5G27930,0,6
AT5G36700,0,6
AT5G36790,0,6
AT5G37478,0,6
AT5G38020,0,6
AT5G39860,0,6
AT5G42070,0,6
AT5G42250,0,6
AT5G42890,0,6
AT5G43050,0,6
AT5G43420,0,6
AT5G43750,0,6
AT5G44030,0,6
AT5G45680,0,6
AT5G46690,0,6
AT5G48170,0,6
AT5G50560,0,6
AT5G53120,0,6
AT5G54690,0,6
AT5G59820,0,6
AT5G60490,0,6
AT5G60520,0,6
AT5G60890,0,6
AT5G61170,0,6
AT5G62630,0,6
AT5G62680,0,6
AT5G63310,0,6
